game_id,date,venue,home_team,away_team,home_leadoff_avg,away_leadoff_avg,home_starting_pitcher_era,away_starting_pitcher_era,first_inning_run
777909,2025-05-15,Truist Park,Atlanta Braves,Washington Nationals,0.247,0.317,2.33,5.91,False
777911,2025-05-15,Oriole Park at Camden Yards,Baltimore Orioles,Minnesota Twins,0.25,0.261,3.08,4.05,False
777912,2025-05-15,Great American Ball Park,Cincinnati Reds,Chicago White Sox,0.291,0.221,3.66,6.0,True
777913,2025-05-15,Rogers Centre,Toronto Blue Jays,Tampa Bay Rays,0.29,0.571,4.59,4.31,True
777910,2025-05-15,Globe Life Field,Texas Rangers,Houston Astros,0.306,0.313,2.29,1.43,False
777946,2025-05-15,Dodger Stadium,Los Angeles Dodgers,Athletics,0.31,0.347,2.3,5.82,True
777891,2025-05-16,Oracle Park,San Francisco Giants,Athletics,0.289,0.341,2.42,3.31,False
777899,2025-05-16,Dodger Stadium,Los Angeles Dodgers,Los Angeles Angels,0.316,0.273,4.43,4.71,True
777896,2025-05-16,Petco Park,San Diego Padres,Seattle Mariners,0.307,0.278,2.33,2.57,True
777897,2025-05-16,Chase Field,Arizona Diamondbacks,Colorado Rockies,0.246,0.25,2.56,11.25,False
777898,2025-05-16,American Family Field,Milwaukee Brewers,Minnesota Twins,0.288,0.239,3.35,2.42,True
777895,2025-05-16,Globe Life Field,Texas Rangers,Houston Astros,0.305,0.306,1.61,7.88,False
777901,2025-05-16,Kauffman Stadium,Kansas City Royals,St. Louis Cardinals,0.244,0.26,4.53,4.11,False
777903,2025-05-16,loanDepot park,Miami Marlins,Tampa Bay Rays,0.227,0.238,4.47,4.8,True
777908,2025-05-16,Fenway Park,Boston Red Sox,Atlanta Braves,0.259,0.26,2.0,3.62,False
777906,2025-05-16,Rogers Centre,Toronto Blue Jays,Detroit Tigers,0.294,0.298,5.63,4.44,False
777904,2025-05-16,Yankee Stadium,New York Yankees,New York Mets,0.276,0.294,3.17,3.74,False
777907,2025-05-16,Oriole Park at Camden Yards,Baltimore Orioles,Washington Nationals,0.259,0.305,5.23,3.67,False
777905,2025-05-16,Citizens Bank Park,Philadelphia Phillies,Pittsburgh Pirates,0.302,0.276,5.09,3.02,False
777902,2025-05-16,Great American Ball Park,Cincinnati Reds,Cleveland Guardians,0.269,0.32,5.01,4.06,False
777900,2025-05-16,Wrigley Field,Chicago Cubs,Chicago White Sox,0.282,0.26,6.0,2.05,True
777884,2025-05-17,Dodger Stadium,Los Angeles Dodgers,Los Angeles Angels,0.305,0.275,11.25,3.04,True
777875,2025-05-17,Petco Park,San Diego Padres,Seattle Mariners,0.305,0.27,2.86,6.21,False
777887,2025-05-17,Chase Field,Arizona Diamondbacks,Colorado Rockies,0.285,0.265,5.14,8.78,True
777883,2025-05-17,American Family Field,Milwaukee Brewers,Minnesota Twins,0.296,0.244,4.95,2.4,True
777893,2025-05-17,Fenway Park,Boston Red Sox,Atlanta Braves,0.262,0.248,7.08,4.01,True
777885,2025-05-17,Kauffman Stadium,Kansas City Royals,St. Louis Cardinals,0.238,0.254,0.71,3.77,False
777882,2025-05-17,Globe Life Field,Texas Rangers,Houston Astros,0.295,0.301,1.47,4.1,True
777879,2025-05-17,Oracle Park,San Francisco Giants,Athletics,0.278,0.333,4.11,4.22,False
777894,2025-05-17,Citizens Bank Park,Philadelphia Phillies,Pittsburgh Pirates,0.263,0.23,2.67,5.67,True
777889,2025-05-17,loanDepot park,Miami Marlins,Tampa Bay Rays,0.22,0.375,7.99,2.93,False
777890,2025-05-17,Oriole Park at Camden Yards,Baltimore Orioles,Washington Nationals,0.269,0.301,16.78,3.88,True
777886,2025-05-17,Rogers Centre,Toronto Blue Jays,Detroit Tigers,0.293,0.205,2.25,2.96,False
777881,2025-05-17,Wrigley Field,Chicago Cubs,Chicago White Sox,0.285,0.286,2.98,4.69,True
777888,2025-05-17,Yankee Stadium,New York Yankees,New York Mets,0.252,0.29,4.41,2.47,False
777892,2025-05-17,Great American Ball Park,Cincinnati Reds,Cleveland Guardians,0.268,0.318,1.82,5.4,False
777878,2025-05-18,Yankee Stadium,New York Yankees,New York Mets,0.339,0.283,1.29,2.86,True
777868,2025-05-18,Petco Park,San Diego Padres,Seattle Mariners,0.304,0.27,2.59,2.65,True
777870,2025-05-18,Chase Field,Arizona Diamondbacks,Colorado Rockies,0.279,0.264,3.26,6.28,True
777867,2025-05-18,Oracle Park,San Francisco Giants,Athletics,0.293,0.227,4.33,3.91,True
777872,2025-05-18,Wrigley Field,Chicago Cubs,Chicago White Sox,0.29,0.284,2.38,3.76,True
777865,2025-05-18,American Family Field,Milwaukee Brewers,Minnesota Twins,0.288,0.244,2.59,12.0,False
777864,2025-05-18,Kauffman Stadium,Kansas City Royals,St. Louis Cardinals,0.301,0.253,2.86,2.92,False
777866,2025-05-18,Dodger Stadium,Los Angeles Dodgers,Los Angeles Angels,0.313,0.283,4.05,3.5,True
777874,2025-05-18,Great American Ball Park,Cincinnati Reds,Cleveland Guardians,0.265,0.311,1.8,4.66,False
777871,2025-05-18,Rogers Centre,Toronto Blue Jays,Detroit Tigers,0.292,0.291,4.19,4.12,True
777876,2025-05-18,Fenway Park,Boston Red Sox,Atlanta Braves,0.263,0.264,4.02,3.52,True
777880,2025-05-18,Citizens Bank Park,Philadelphia Phillies,Pittsburgh Pirates,0.256,0.223,4.08,2.44,False
777873,2025-05-18,Oriole Park at Camden Yards,Baltimore Orioles,Washington Nationals,0.275,0.312,5.08,5.95,True
777869,2025-05-18,Globe Life Field,Texas Rangers,Houston Astros,0.278,0.259,4.25,3.57,False
777877,2025-05-18,loanDepot park,Miami Marlins,Tampa Bay Rays,0.221,0.243,6.37,5.33,False
777854,2025-05-19,Dodger Stadium,Los Angeles Dodgers,Arizona Diamondbacks,0.312,0.268,3.38,3.81,True
777853,2025-05-19,Sutter Health Park,Athletics,Los Angeles Angels,0.228,0.282,5.6,3.57,True
777855,2025-05-19,Oracle Park,San Francisco Giants,Kansas City Royals,0.292,0.24,2.67,1.47,False
777852,2025-05-19,Coors Field,Colorado Rockies,Philadelphia Phillies,0.264,0.303,5.68,3.1,True
777862,2025-05-19,Busch Stadium,St. Louis Cardinals,Detroit Tigers,0.258,0.284,4.02,3.24,True
777860,2025-05-19,American Family Field,Milwaukee Brewers,Baltimore Orioles,0.293,0.273,4.66,5.5,False
777857,2025-05-19,Rate Field,Chicago White Sox,Seattle Mariners,0.286,0.271,3.49,3.2,False
777858,2025-05-19,George M. Steinbrenner Field,Tampa Bay Rays,Houston Astros,0.249,0.309,3.99,5.59,False
777856,2025-05-19,Fenway Park,Boston Red Sox,New York Mets,0.268,0.279,3.62,1.43,True
777863,2025-05-19,loanDepot park,Miami Marlins,Chicago Cubs,0.24,0.282,5.5,5.44,True
777859,2025-05-19,PNC Park,Pittsburgh Pirates,Cincinnati Reds,0.244,0.275,3.88,3.22,True
777861,2025-05-19,Target Field,Minnesota Twins,Cleveland Guardians,0.271,0.31,3.68,3.86,True
777844,2025-05-20,American Family Field,Milwaukee Brewers,Baltimore Orioles,0.297,0.272,1.69,3.13,False
777838,2025-05-20,Dodger Stadium,Los Angeles Dodgers,Arizona Diamondbacks,0.311,0.277,1.86,4.6,False
777836,2025-05-20,Oracle Park,San Francisco Giants,Kansas City Royals,0.28,0.234,1.91,3.77,False
777842,2025-05-20,Coors Field,Colorado Rockies,Philadelphia Phillies,0.254,0.265,6.34,1.95,True
777840,2025-05-20,Busch Stadium,St. Louis Cardinals,Detroit Tigers,0.251,0.283,3.77,2.87,True
777846,2025-05-20,Rate Field,Chicago White Sox,Seattle Mariners,0.295,0.274,5.4,1.72,False
777843,2025-05-20,Sutter Health Park,Athletics,Los Angeles Angels,0.232,0.278,5.06,5.32,False
777849,2025-05-20,Yankee Stadium,New York Yankees,Texas Rangers,0.339,0.285,4.05,3.59,False
777848,2025-05-20,George M. Steinbrenner Field,Tampa Bay Rays,Houston Astros,0.25,0.302,4.25,2.01,False
777841,2025-05-20,Nationals Park,Washington Nationals,Atlanta Braves,0.313,0.257,4.39,5.79,True
777851,2025-05-20,Fenway Park,Boston Red Sox,New York Mets,0.264,0.28,4.0,3.13,False
777850,2025-05-20,loanDepot park,Miami Marlins,Chicago Cubs,0.233,0.265,1.8,4.13,True
777845,2025-05-20,Rogers Centre,Toronto Blue Jays,San Diego Padres,0.286,0.303,2.83,4.5,True
777847,2025-05-20,PNC Park,Pittsburgh Pirates,Cincinnati Reds,0.22,0.28,3.5,3.43,False
777824,2025-05-21,Dodger Stadium,Los Angeles Dodgers,Arizona Diamondbacks,0.304,0.278,4.09,2.73,False
777828,2025-05-21,Sutter Health Park,Athletics,Los Angeles Angels,0.232,0.283,4.0,5.03,False
777823,2025-05-21,Coors Field,Colorado Rockies,Philadelphia Phillies,0.259,0.308,11.88,2.97,True
777835,2025-05-21,Yankee Stadium,New York Yankees,Texas Rangers,0.268,0.296,3.38,2.33,False
777831,2025-05-21,Fenway Park,Boston Red Sox,New York Mets,0.265,0.283,1.98,3.56,False
777829,2025-05-21,Target Field,Minnesota Twins,Cleveland Guardians,0.273,0.317,3.98,3.94,False
777819,2025-05-21,Oracle Park,San Francisco Giants,Kansas City Royals,0.296,0.315,2.67,1.19,True
777837,2025-05-21,Rogers Centre,Toronto Blue Jays,San Diego Padres,0.288,0.296,4.03,3.49,False
777827,2025-05-21,Busch Stadium,St. Louis Cardinals,Detroit Tigers,0.259,0.278,4.18,2.08,False
777826,2025-05-21,American Family Field,Milwaukee Brewers,Baltimore Orioles,0.288,0.268,3.23,3.07,False
777833,2025-05-21,loanDepot park,Miami Marlins,Chicago Cubs,0.236,0.259,4.15,4.4,True
777861,2025-05-21,Target Field,Minnesota Twins,Cleveland Guardians,0.271,0.31,3.68,3.86,True
777832,2025-05-21,George M. Steinbrenner Field,Tampa Bay Rays,Houston Astros,0.254,0.297,4.61,2.04,True
777834,2025-05-21,PNC Park,Pittsburgh Pirates,Cincinnati Reds,0.221,0.274,2.91,4.88,True
777830,2025-05-21,Rate Field,Chicago White Sox,Seattle Mariners,0.301,0.269,2.36,3.33,True
777822,2025-05-22,Daikin Park,Houston Astros,Seattle Mariners,0.298,0.262,6.57,12.27,True
777820,2025-05-22,Nationals Park,Washington Nationals,Atlanta Braves,0.311,0.252,6.39,3.67,True
777814,2025-05-22,PNC Park,Pittsburgh Pirates,Milwaukee Brewers,0.223,0.28,7.2,9.0,True
777821,2025-05-22,Comerica Park,Detroit Tigers,Cleveland Guardians,0.279,0.314,4.39,3.57,False
777812,2025-05-22,Sutter Health Park,Athletics,Los Angeles Angels,0.271,0.296,4.11,3.6,True
777816,2025-05-22,Rogers Centre,Toronto Blue Jays,San Diego Padres,0.289,0.29,5.54,2.84,False
777818,2025-05-22,Yankee Stadium,New York Yankees,Texas Rangers,0.267,0.29,2.88,1.6,False
777817,2025-05-22,Coors Field,Colorado Rockies,Philadelphia Phillies,0.264,0.259,7.66,3.7,False
777805,2025-05-23,Rate Field,Chicago White Sox,Texas Rangers,0.309,0.265,4.33,1.8,False
777798,2025-05-23,Angel Stadium,Los Angeles Angels,Miami Marlins,0.287,0.253,3.17,8.04,False
777802,2025-05-23,Coors Field,Colorado Rockies,New York Yankees,0.271,0.261,4.38,4.58,True
777797,2025-05-23,Busch Stadium,St. Louis Cardinals,Arizona Diamondbacks,0.247,0.271,3.51,5.25,False
777804,2025-05-23,Sutter Health Park,Athletics,Philadelphia Phillies,0.236,0.31,2.57,2.42,True
777800,2025-05-23,Daikin Park,Houston Astros,Seattle Mariners,0.292,0.266,4.58,5.95,False
777813,2025-05-23,Truist Park,Atlanta Braves,San Diego Padres,0.5,0.289,3.36,2.72,True
777799,2025-05-23,Target Field,Minnesota Twins,Kansas City Royals,0.272,0.231,2.31,0.93,True
777807,2025-05-23,Comerica Park,Detroit Tigers,Cleveland Guardians,0.28,0.322,4.06,3.27,True
777810,2025-05-23,George M. Steinbrenner Field,Tampa Bay Rays,Toronto Blue Jays,0.249,0.284,2.6,3.31,False
777801,2025-05-23,Nationals Park,Washington Nationals,San Francisco Giants,0.303,0.293,3.47,3.63,False
777806,2025-05-23,PNC Park,Pittsburgh Pirates,Milwaukee Brewers,0.229,0.277,2.36,2.55,False
777811,2025-05-23,Great American Ball Park,Cincinnati Reds,Chicago Cubs,0.277,0.259,2.54,3.42,True
777815,2025-05-23,Fenway Park,Boston Red Sox,Baltimore Orioles,0.268,0.272,4.08,4.86,False
777808,2025-05-23,Citi Field,New York Mets,Los Angeles Dodgers,0.277,0.302,2.88,7.5,False
777781,2025-05-24,Angel Stadium,Los Angeles Angels,Miami Marlins,0.286,0.221,3.73,6.09,False
777789,2025-05-24,Citi Field,New York Mets,Los Angeles Dodgers,0.273,0.296,2.79,4.68,False
777796,2025-05-24,Comerica Park,Detroit Tigers,Cleveland Guardians,0.281,0.32,2.45,4.73,True
777795,2025-05-24,George M. Steinbrenner Field,Tampa Bay Rays,Toronto Blue Jays,0.244,0.279,4.94,4.22,True
777782,2025-05-24,Coors Field,Colorado Rockies,New York Yankees,0.27,0.344,5.86,1.29,True
777792,2025-05-24,Rate Field,Chicago White Sox,Texas Rangers,0.307,0.263,5.84,4.17,True
777803,2025-05-24,Truist Park,Atlanta Braves,San Diego Padres,0.333,0.283,3.68,7.45,False
777784,2025-05-24,Sutter Health Park,Athletics,Philadelphia Phillies,0.342,0.304,3.97,3.33,True
777791,2025-05-24,Great American Ball Park,Cincinnati Reds,Chicago Cubs,0.28,0.257,1.77,3.28,True
777794,2025-05-24,PNC Park,Pittsburgh Pirates,Milwaukee Brewers,0.236,0.269,3.66,4.23,True
777793,2025-05-24,Nationals Park,Washington Nationals,San Francisco Giants,0.295,0.263,3.42,3.86,True
777786,2025-05-24,Busch Stadium,St. Louis Cardinals,Arizona Diamondbacks,0.249,0.278,2.73,3.52,True
777788,2025-05-24,Target Field,Minnesota Twins,Kansas City Royals,0.243,0.226,7.71,3.21,False
777790,2025-05-24,Fenway Park,Boston Red Sox,Baltimore Orioles,0.268,0.263,5.27,6.0,False
777809,2025-05-24,Fenway Park,Boston Red Sox,Baltimore Orioles,0.272,0.27,4.21,5.4,True
777787,2025-05-24,Daikin Park,Houston Astros,Seattle Mariners,0.296,0.26,3.39,2.69,True
777773,2025-05-25,Citi Field,New York Mets,Los Angeles Dodgers,0.273,0.295,1.46,5.22,True
777783,2025-05-25,Truist Park,Atlanta Braves,San Diego Padres,0.333,0.282,3.42,4.58,True
777767,2025-05-25,Angel Stadium,Los Angeles Angels,Miami Marlins,0.205,0.222,5.23,4.73,False
777765,2025-05-25,Sutter Health Park,Athletics,Philadelphia Phillies,0.35,0.257,5.13,2.15,True
777768,2025-05-25,Coors Field,Colorado Rockies,New York Yankees,0.275,0.345,6.5,4.09,True
777766,2025-05-25,Busch Stadium,St. Louis Cardinals,Arizona Diamondbacks,0.244,0.265,4.06,3.9,True
777777,2025-05-25,Rate Field,Chicago White Sox,Texas Rangers,0.305,0.233,3.45,3.75,False
777774,2025-05-25,Daikin Park,Houston Astros,Seattle Mariners,0.295,0.256,5.52,3.32,True
777775,2025-05-25,George M. Steinbrenner Field,Tampa Bay Rays,Toronto Blue Jays,0.242,0.275,3.55,3.38,True
777779,2025-05-25,Great American Ball Park,Cincinnati Reds,Chicago Cubs,0.285,0.251,3.39,6.39,True
777776,2025-05-25,PNC Park,Pittsburgh Pirates,Milwaukee Brewers,0.236,0.246,3.47,1.71,True
777778,2025-05-25,Nationals Park,Washington Nationals,San Francisco Giants,0.294,0.262,5.61,2.56,False
777785,2025-05-25,Fenway Park,Boston Red Sox,Baltimore Orioles,0.279,0.262,3.95,5.02,False
777780,2025-05-25,Comerica Park,Detroit Tigers,Cleveland Guardians,0.1,0.272,2.49,4.31,False
777772,2025-05-25,Target Field,Minnesota Twins,Kansas City Royals,0.273,0.311,3.41,1.45,True
777769,2025-05-26,Progressive Field,Cleveland Guardians,Los Angeles Dodgers,0.314,0.295,4.27,1.97,True
777763,2025-05-26,Angel Stadium,Los Angeles Angels,New York Yankees,0.283,0.244,5.07,3.06,True
777756,2025-05-26,Petco Park,San Diego Padres,Miami Marlins,0.275,0.231,3.58,1.15,True
777761,2025-05-26,Chase Field,Arizona Diamondbacks,Pittsburgh Pirates,0.283,0.238,3.79,3.41,False
777762,2025-05-26,George M. Steinbrenner Field,Tampa Bay Rays,Minnesota Twins,0.295,0.266,3.97,3.92,False
777758,2025-05-26,Citi Field,New York Mets,Chicago White Sox,0.272,0.296,2.98,5.16,False
777770,2025-05-26,Comerica Park,Detroit Tigers,San Francisco Giants,0.28,0.256,4.54,2.48,False
777759,2025-05-26,Globe Life Field,Texas Rangers,Toronto Blue Jays,0.213,0.27,2.42,3.68,True
777771,2025-05-26,Oriole Park at Camden Yards,Baltimore Orioles,St. Louis Cardinals,0.267,0.239,7.09,3.9,True
777757,2025-05-26,Wrigley Field,Chicago Cubs,Colorado Rockies,0.253,0.276,3.86,8.78,True
777764,2025-05-26,American Family Field,Milwaukee Brewers,Boston Red Sox,0.246,0.283,2.97,2.04,True
777760,2025-05-26,Kauffman Stadium,Kansas City Royals,Cincinnati Reds,0.227,0.289,4.33,3.48,True
777742,2025-05-27,Petco Park,San Diego Padres,Miami Marlins,0.278,0.246,4.11,4.53,True
777743,2025-05-27,T-Mobile Park,Seattle Mariners,Washington Nationals,0.261,0.287,2.83,4.65,True
777745,2025-05-27,Angel Stadium,Los Angeles Angels,New York Yankees,0.282,0.343,3.39,2.6,False
777752,2025-05-27,Daikin Park,Houston Astros,Athletics,0.298,0.252,2.0,5.18,False
777741,2025-05-27,Globe Life Field,Texas Rangers,Toronto Blue Jays,0.263,0.27,1.56,5.04,False
777751,2025-05-27,Wrigley Field,Chicago Cubs,Colorado Rockies,0.257,0.269,3.98,7.13,False
777747,2025-05-27,American Family Field,Milwaukee Brewers,Boston Red Sox,0.274,0.277,6.0,2.7,False
777744,2025-05-27,Chase Field,Arizona Diamondbacks,Pittsburgh Pirates,0.259,0.231,2.72,8.64,True
777749,2025-05-27,Citi Field,New York Mets,Chicago White Sox,0.275,0.292,3.52,4.15,True
777746,2025-05-27,George M. Steinbrenner Field,Tampa Bay Rays,Minnesota Twins,0.238,0.242,4.38,2.57,True
777748,2025-05-27,Citizens Bank Park,Philadelphia Phillies,Atlanta Braves,0.26,0.313,2.97,4.5,False
777755,2025-05-27,Comerica Park,Detroit Tigers,San Francisco Giants,0.276,0.257,3.94,2.82,True
777754,2025-05-27,Oriole Park at Camden Yards,Baltimore Orioles,St. Louis Cardinals,0.266,0.249,3.23,4.23,True
777753,2025-05-27,Progressive Field,Cleveland Guardians,Los Angeles Dodgers,0.314,0.296,3.86,4.2,False
777750,2025-05-27,Kauffman Stadium,Kansas City Royals,Cincinnati Reds,0.232,0.299,1.75,4.6,False
777730,2025-05-28,T-Mobile Park,Seattle Mariners,Washington Nationals,0.256,0.28,11.42,5.69,False
777728,2025-05-28,Angel Stadium,Los Angeles Angels,New York Yankees,0.281,0.347,3.06,3.95,True
777724,2025-05-28,Globe Life Field,Texas Rangers,Toronto Blue Jays,0.265,0.198,1.64,2.03,False
777731,2025-05-28,Wrigley Field,Chicago Cubs,Colorado Rockies,0.256,0.262,3.08,4.24,True
777733,2025-05-28,Kauffman Stadium,Kansas City Royals,Cincinnati Reds,0.239,0.301,1.05,2.63,False
777740,2025-05-28,Oriole Park at Camden Yards,Baltimore Orioles,St. Louis Cardinals,0.275,0.252,5.29,3.9,False
777726,2025-05-28,Petco Park,San Diego Padres,Miami Marlins,0.273,0.262,6.66,8.47,False
777736,2025-05-28,American Family Field,Milwaukee Brewers,Boston Red Sox,0.268,0.279,2.77,3.83,False
777734,2025-05-28,Daikin Park,Houston Astros,Athletics,0.297,0.248,5.89,3.89,False
777737,2025-05-28,Citi Field,New York Mets,Chicago White Sox,0.269,0.286,3.23,2.68,True
777732,2025-05-28,George M. Steinbrenner Field,Tampa Bay Rays,Minnesota Twins,0.298,0.242,2.33,2.75,False
777738,2025-05-28,Comerica Park,Detroit Tigers,San Francisco Giants,0.275,0.251,4.22,3.54,False
777739,2025-05-28,Progressive Field,Cleveland Guardians,Los Angeles Dodgers,0.311,0.292,2.05,4.91,True
777729,2025-05-28,Chase Field,Arizona Diamondbacks,Pittsburgh Pirates,0.259,0.23,5.54,2.15,False
777722,2025-05-29,T-Mobile Park,Seattle Mariners,Washington Nationals,0.251,0.279,5.64,3.16,False
777727,2025-05-29,Rogers Centre,Toronto Blue Jays,Athletics,0.277,0.249,3.86,6.32,False
777725,2025-05-29,Daikin Park,Houston Astros,Tampa Bay Rays,0.3,0.294,4.62,4.92,True
777735,2025-05-29,Citizens Bank Park,Philadelphia Phillies,Atlanta Braves,0.263,0.241,3.32,3.86,False
777723,2025-05-29,Citizens Bank Park,Philadelphia Phillies,Atlanta Braves,0.302,0.318,2.96,3.06,False
777708,2025-05-30,Dodger Stadium,Los Angeles Dodgers,New York Yankees,0.294,0.259,5.23,1.92,True
777713,2025-05-30,T-Mobile Park,Seattle Mariners,Minnesota Twins,0.257,0.264,2.82,6.43,True
777707,2025-05-30,Petco Park,San Diego Padres,Pittsburgh Pirates,0.269,0.225,2.74,3.73,False
777710,2025-05-30,Chase Field,Arizona Diamondbacks,Washington Nationals,0.258,0.273,3.78,3.93,True
777714,2025-05-30,Daikin Park,Houston Astros,Tampa Bay Rays,0.3,0.252,3.12,3.21,True
777709,2025-05-30,Globe Life Field,Texas Rangers,St. Louis Cardinals,0.255,0.252,3.66,3.08,True
777719,2025-05-30,Truist Park,Atlanta Braves,Boston Red Sox,0.333,0.274,3.78,4.78,True
777711,2025-05-30,Kauffman Stadium,Kansas City Royals,Detroit Tigers,0.244,0.273,3.45,2.82,True
777718,2025-05-30,Citi Field,New York Mets,Colorado Rockies,0.278,0.262,2.69,5.72,True
777721,2025-05-30,Progressive Field,Cleveland Guardians,Los Angeles Angels,0.309,0.278,4.4,3.41,False
777716,2025-05-30,Rogers Centre,Toronto Blue Jays,Athletics,0.279,0.253,3.8,4.72,False
777715,2025-05-30,Citizens Bank Park,Philadelphia Phillies,Milwaukee Brewers,0.259,0.269,3.53,1.69,True
777720,2025-05-30,Oriole Park at Camden Yards,Baltimore Orioles,Chicago White Sox,0.27,0.276,4.46,6.14,False
777712,2025-05-30,Wrigley Field,Chicago Cubs,Cincinnati Reds,0.253,0.306,3.96,1.51,True
777717,2025-05-30,loanDepot park,Miami Marlins,San Francisco Giants,0.254,0.244,5.84,2.51,True
777706,2025-05-31,Truist Park,Atlanta Braves,Boston Red Sox,0.367,0.27,3.13,4.44,True
777696,2025-05-31,Chase Field,Arizona Diamondbacks,Washington Nationals,0.254,0.274,5.05,5.81,True
777691,2025-05-31,Petco Park,San Diego Padres,Pittsburgh Pirates,0.269,0.23,4.66,3.14,True
777698,2025-05-31,Dodger Stadium,Los Angeles Dodgers,New York Yankees,0.298,0.255,4.58,5.19,True
777695,2025-05-31,T-Mobile Park,Seattle Mariners,Minnesota Twins,0.267,0.266,5.36,3.48,False
777705,2025-05-31,loanDepot park,Miami Marlins,San Francisco Giants,0.256,0.292,4.14,2.43,False
777693,2025-05-31,Daikin Park,Houston Astros,Tampa Bay Rays,0.305,0.257,5.95,3.86,True
777697,2025-05-31,Globe Life Field,Texas Rangers,St. Louis Cardinals,0.259,0.248,3.71,3.65,False
777694,2025-05-31,Kauffman Stadium,Kansas City Royals,Detroit Tigers,0.24,0.268,2.88,2.26,False
777703,2025-05-31,Progressive Field,Cleveland Guardians,Los Angeles Angels,0.315,0.269,5.28,5.34,False
777702,2025-05-31,Citizens Bank Park,Philadelphia Phillies,Milwaukee Brewers,0.258,0.255,3.58,2.97,True
777699,2025-05-31,Oriole Park at Camden Yards,Baltimore Orioles,Chicago White Sox,0.27,0.359,4.7,3.67,True
777701,2025-05-31,Rogers Centre,Toronto Blue Jays,Athletics,0.279,0.258,4.66,6.4,True
777704,2025-05-31,Wrigley Field,Chicago Cubs,Cincinnati Reds,0.257,0.305,5.72,3.1,False
777700,2025-05-31,Citi Field,New York Mets,Colorado Rockies,0.283,0.257,1.6,7.14,True
777687,2025-06-01,Wrigley Field,Chicago Cubs,Cincinnati Reds,0.251,0.3,3.76,3.89,False
777679,2025-06-01,Chase Field,Arizona Diamondbacks,Washington Nationals,0.276,0.273,2.66,4.71,True
777690,2025-06-01,Daikin Park,Houston Astros,Tampa Bay Rays,0.309,0.322,1.83,3.95,True
777681,2025-06-01,Petco Park,San Diego Padres,Pittsburgh Pirates,0.265,0.227,3.99,3.39,True
777682,2025-06-01,Dodger Stadium,Los Angeles Dodgers,New York Yankees,0.293,0.333,2.39,2.83,True
777680,2025-06-01,T-Mobile Park,Seattle Mariners,Minnesota Twins,0.272,0.257,3.03,3.58,False
777677,2025-06-01,Kauffman Stadium,Kansas City Royals,Detroit Tigers,0.235,0.215,1.43,4.02,False
777678,2025-06-01,Globe Life Field,Texas Rangers,St. Louis Cardinals,0.269,0.249,2.34,3.82,True
777686,2025-06-01,Citi Field,New York Mets,Colorado Rockies,0.282,0.251,3.07,8.5,False
777683,2025-06-01,Progressive Field,Cleveland Guardians,Los Angeles Angels,0.313,0.27,3.79,5.34,False
777685,2025-06-01,Rogers Centre,Toronto Blue Jays,Athletics,0.277,0.253,3.82,5.05,True
777688,2025-06-01,Citizens Bank Park,Philadelphia Phillies,Milwaukee Brewers,0.299,0.258,2.72,2.77,True
777684,2025-06-01,Oriole Park at Camden Yards,Baltimore Orioles,Chicago White Sox,0.269,0.281,6.2,1.47,False
777692,2025-06-01,Truist Park,Atlanta Braves,Boston Red Sox,0.324,0.264,4.56,1.98,True
777689,2025-06-01,loanDepot park,Miami Marlins,San Francisco Giants,0.282,0.295,2.49,2.37,False
777675,2025-06-02,Dodger Stadium,Los Angeles Dodgers,New York Mets,0.292,0.285,4.09,1.3,True
777669,2025-06-02,Sutter Health Park,Athletics,Minnesota Twins,0.26,0.27,4.54,2.91,False
777676,2025-06-02,Oracle Park,San Francisco Giants,San Diego Padres,0.295,0.265,2.55,3.47,False
777674,2025-06-02,Rate Field,Chicago White Sox,Detroit Tigers,0.29,0.5,4.66,3.72,True
777671,2025-06-02,Great American Ball Park,Cincinnati Reds,Milwaukee Brewers,0.305,0.271,4.66,5.19,True
777670,2025-06-02,Fenway Park,Boston Red Sox,Los Angeles Angels,0.271,0.268,4.71,3.86,True
777673,2025-06-02,loanDepot park,Miami Marlins,Colorado Rockies,0.282,0.333,4.73,6.98,True
777657,2025-06-03,Dodger Stadium,Los Angeles Dodgers,New York Mets,0.288,0.284,5.17,3.77,True
777658,2025-06-03,Sutter Health Park,Athletics,Minnesota Twins,0.263,0.274,4.43,2.82,True
777656,2025-06-03,Oracle Park,San Francisco Giants,San Diego Padres,0.293,0.265,3.18,2.0,False
777655,2025-06-03,T-Mobile Park,Seattle Mariners,Baltimore Orioles,0.281,0.268,8.56,3.04,True
777660,2025-06-03,Busch Stadium,St. Louis Cardinals,Kansas City Royals,0.249,0.244,4.91,5.12,True
777661,2025-06-03,Rate Field,Chicago White Sox,Detroit Tigers,0.34,0.25,2.45,4.64,False
777662,2025-06-03,George M. Steinbrenner Field,Tampa Bay Rays,Texas Rangers,0.302,0.263,2.14,2.02,False
777664,2025-06-03,Yankee Stadium,New York Yankees,Cleveland Guardians,0.247,0.308,2.49,3.89,False
777668,2025-06-03,Great American Ball Park,Cincinnati Reds,Milwaukee Brewers,0.304,0.271,2.72,2.92,True
777667,2025-06-03,Fenway Park,Boston Red Sox,Los Angeles Angels,0.273,0.266,3.91,3.23,False
777665,2025-06-03,Rogers Centre,Toronto Blue Jays,Philadelphia Phillies,0.276,0.254,5.84,3.15,True
777659,2025-06-03,Nationals Park,Washington Nationals,Chicago Cubs,0.273,0.251,6.03,3.51,True
777666,2025-06-03,loanDepot park,Miami Marlins,Colorado Rockies,0.283,0.254,7.89,6.26,False
777663,2025-06-03,PNC Park,Pittsburgh Pirates,Houston Astros,0.223,0.308,2.05,4.44,False
777672,2025-06-03,Truist Park,Atlanta Braves,Arizona Diamondbacks,0.342,0.262,5.68,5.13,True
777646,2025-06-04,George M. Steinbrenner Field,Tampa Bay Rays,Texas Rangers,0.303,0.261,4.96,8.87,True
777643,2025-06-04,Sutter Health Park,Athletics,Minnesota Twins,0.263,0.268,4.28,5.21,True
777641,2025-06-04,Oracle Park,San Francisco Giants,San Diego Padres,0.292,0.273,4.34,3.16,True
777638,2025-06-04,Dodger Stadium,Los Angeles Dodgers,New York Mets,0.292,0.279,5.0,2.9,True
777645,2025-06-04,T-Mobile Park,Seattle Mariners,Baltimore Orioles,0.279,0.264,5.19,5.11,False
777639,2025-06-04,Rate Field,Chicago White Sox,Detroit Tigers,0.34,0.27,8.04,7.36,True
777654,2025-06-04,Truist Park,Atlanta Braves,Arizona Diamondbacks,0.341,0.293,2.93,3.43,False
777649,2025-06-04,Fenway Park,Boston Red Sox,Los Angeles Angels,0.274,0.27,6.42,4.11,True
777653,2025-06-04,Yankee Stadium,New York Yankees,Cleveland Guardians,0.244,0.312,4.04,4.02,True
777650,2025-06-04,Nationals Park,Washington Nationals,Chicago Cubs,0.267,0.252,2.87,3.01,False
777648,2025-06-04,PNC Park,Pittsburgh Pirates,Houston Astros,0.229,0.312,5.27,4.78,False
777647,2025-06-04,Great American Ball Park,Cincinnati Reds,Milwaukee Brewers,0.3,0.167,2.18,1.08,False
777652,2025-06-04,loanDepot park,Miami Marlins,Colorado Rockies,0.227,0.254,5.63,5.19,True
777651,2025-06-04,Rogers Centre,Toronto Blue Jays,Philadelphia Phillies,0.275,0.249,3.67,0.79,False
777629,2025-06-05,George M. Steinbrenner Field,Tampa Bay Rays,Texas Rangers,0.286,0.266,3.2,3.48,False
777644,2025-06-05,Yankee Stadium,New York Yankees,Cleveland Guardians,0.239,0.306,1.78,4.87,False
777632,2025-06-05,Nationals Park,Washington Nationals,Chicago Cubs,0.272,0.259,4.02,3.59,True
777630,2025-06-05,PNC Park,Pittsburgh Pirates,Houston Astros,0.23,0.318,4.13,3.07,False
777631,2025-06-05,Dodger Stadium,Los Angeles Dodgers,New York Mets,0.295,0.233,5.12,2.8,False
777633,2025-06-05,Oracle Park,San Francisco Giants,San Diego Padres,0.25,0.268,2.44,4.72,False
777628,2025-06-05,T-Mobile Park,Seattle Mariners,Baltimore Orioles,0.283,0.26,3.07,4.47,False
777637,2025-06-05,Rogers Centre,Toronto Blue Jays,Philadelphia Phillies,0.279,0.244,3.56,4.46,False
777634,2025-06-05,Rate Field,Chicago White Sox,Detroit Tigers,0.321,0.167,4.03,2.91,False
777635,2025-06-05,Busch Stadium,St. Louis Cardinals,Kansas City Royals,0.25,0.248,3.82,5.18,True
777642,2025-06-05,Busch Stadium,St. Louis Cardinals,Kansas City Royals,0.252,0.249,3.96,0.85,True
777640,2025-06-05,Truist Park,Atlanta Braves,Arizona Diamondbacks,0.333,0.259,3.99,5.65,False
777636,2025-06-05,Sutter Health Park,Athletics,Minnesota Twins,0.267,0.265,4.09,5.4,True
777617,2025-06-06,American Family Field,Milwaukee Brewers,San Diego Padres,0.275,0.263,2.84,3.69,False
777619,2025-06-06,Oracle Park,San Francisco Giants,Atlanta Braves,0.296,0.327,2.55,3.24,True
777613,2025-06-06,Sutter Health Park,Athletics,Baltimore Orioles,0.27,0.268,5.21,4.98,False
777614,2025-06-06,Angel Stadium,Los Angeles Angels,Seattle Mariners,0.275,0.281,5.4,5.73,False
777616,2025-06-06,Coors Field,Colorado Rockies,New York Mets,0.255,0.227,4.09,1.59,False
777620,2025-06-06,Busch Stadium,St. Louis Cardinals,Los Angeles Dodgers,0.247,0.294,3.35,7.2,False
777615,2025-06-06,Target Field,Minnesota Twins,Toronto Blue Jays,0.261,0.278,3.78,3.24,True
777625,2025-06-06,George M. Steinbrenner Field,Tampa Bay Rays,Miami Marlins,0.27,0.28,3.68,3.99,True
777622,2025-06-06,Progressive Field,Cleveland Guardians,Houston Astros,0.246,0.324,4.42,5.11,False
777626,2025-06-06,Comerica Park,Detroit Tigers,Chicago Cubs,0.2,0.259,2.16,5.37,False
777623,2025-06-06,Great American Ball Park,Cincinnati Reds,Arizona Diamondbacks,0.3,0.298,3.21,6.7,False
777627,2025-06-06,Yankee Stadium,New York Yankees,Boston Red Sox,0.239,0.274,5.34,5.18,True
777624,2025-06-06,Nationals Park,Washington Nationals,Texas Rangers,0.266,0.267,4.86,3.52,False
777621,2025-06-06,PNC Park,Pittsburgh Pirates,Philadelphia Phillies,0.23,0.306,3.49,4.35,True
777618,2025-06-06,Rate Field,Chicago White Sox,Kansas City Royals,0.317,0.244,3.62,3.46,False
777599,2025-06-07,Sutter Health Park,Athletics,Baltimore Orioles,0.273,0.263,4.77,6.59,True
777604,2025-06-07,Coors Field,Colorado Rockies,New York Mets,0.26,0.289,7.0,2.95,False
777603,2025-06-07,Angel Stadium,Los Angeles Angels,Seattle Mariners,0.279,0.285,5.61,3.31,True
777597,2025-06-07,American Family Field,Milwaukee Brewers,San Diego Padres,0.27,0.239,2.66,3.0,False
777605,2025-06-07,Yankee Stadium,New York Yankees,Boston Red Sox,0.313,0.274,4.17,2.35,False
777611,2025-06-07,George M. Steinbrenner Field,Tampa Bay Rays,Miami Marlins,0.239,0.284,4.58,3.28,False
777606,2025-06-07,Rate Field,Chicago White Sox,Kansas City Royals,0.297,0.24,1.48,3.01,False
777608,2025-06-07,Progressive Field,Cleveland Guardians,Houston Astros,0.314,0.321,3.86,1.82,False
777612,2025-06-07,Great American Ball Park,Cincinnati Reds,Arizona Diamondbacks,0.297,0.271,3.7,4.6,True
777598,2025-06-07,Oracle Park,San Francisco Giants,Atlanta Braves,0.25,0.321,2.58,4.08,False
777607,2025-06-07,PNC Park,Pittsburgh Pirates,Philadelphia Phillies,0.222,0.301,3.24,2.7,True
777610,2025-06-07,Nationals Park,Washington Nationals,Texas Rangers,0.261,0.266,4.31,2.12,True
777601,2025-06-07,Busch Stadium,St. Louis Cardinals,Los Angeles Dodgers,0.247,0.294,3.54,2.2,False
777600,2025-06-07,Target Field,Minnesota Twins,Toronto Blue Jays,0.259,0.273,3.53,3.87,True
777623,2025-06-07,Great American Ball Park,Cincinnati Reds,Arizona Diamondbacks,0.3,0.298,3.21,6.7,False
777609,2025-06-07,Comerica Park,Detroit Tigers,Chicago Cubs,0.211,0.254,4.25,3.54,True
777593,2025-06-08,Yankee Stadium,New York Yankees,Boston Red Sox,0.241,0.273,2.87,4.2,True
777589,2025-06-08,Angel Stadium,Los Angeles Angels,Seattle Mariners,0.273,0.28,3.99,6.53,True
777587,2025-06-08,Oracle Park,San Francisco Giants,Atlanta Braves,0.188,0.304,3.29,5.4,True
777583,2025-06-08,Coors Field,Colorado Rockies,New York Mets,0.264,0.283,6.85,3.76,False
777582,2025-06-08,Busch Stadium,St. Louis Cardinals,Los Angeles Dodgers,0.242,0.293,3.09,4.35,False
777590,2025-06-08,Rate Field,Chicago White Sox,Kansas City Royals,0.288,0.248,2.18,4.94,True
777585,2025-06-08,Target Field,Minnesota Twins,Toronto Blue Jays,0.258,0.27,2.96,6.12,False
777588,2025-06-08,Sutter Health Park,Athletics,Baltimore Orioles,0.273,0.263,6.0,3.23,True
777594,2025-06-08,Comerica Park,Detroit Tigers,Chicago Cubs,0.217,0.251,3.41,4.11,True
777602,2025-06-08,Great American Ball Park,Cincinnati Reds,Arizona Diamondbacks,0.292,0.259,4.59,5.15,False
777595,2025-06-08,PNC Park,Pittsburgh Pirates,Philadelphia Phillies,0.227,0.239,1.88,3.1,False
777591,2025-06-08,Progressive Field,Cleveland Guardians,Houston Astros,0.314,0.316,3.81,1.64,False
777596,2025-06-08,Nationals Park,Washington Nationals,Texas Rangers,0.288,0.269,5.91,3.32,False
777586,2025-06-08,American Family Field,Milwaukee Brewers,San Diego Padres,0.266,0.259,2.69,1.26,False
777592,2025-06-08,George M. Steinbrenner Field,Tampa Bay Rays,Miami Marlins,0.248,0.284,2.22,4.12,True
777577,2025-06-09,Chase Field,Arizona Diamondbacks,Seattle Mariners,0.258,0.285,3.18,5.04,True
777579,2025-06-09,Petco Park,San Diego Padres,Los Angeles Dodgers,0.26,0.291,3.48,4.46,True
777576,2025-06-09,Angel Stadium,Los Angeles Angels,Athletics,0.277,0.268,2.92,3.91,False
777581,2025-06-09,Busch Stadium,St. Louis Cardinals,Toronto Blue Jays,0.237,0.269,4.75,3.38,True
777575,2025-06-09,American Family Field,Milwaukee Brewers,Atlanta Braves,0.254,0.305,4.91,2.79,False
777584,2025-06-09,Fenway Park,Boston Red Sox,Tampa Bay Rays,0.271,0.262,3.96,4.97,False
777578,2025-06-09,Citizens Bank Park,Philadelphia Phillies,Chicago Cubs,0.299,0.25,2.85,2.89,True
777574,2025-06-09,PNC Park,Pittsburgh Pirates,Miami Marlins,0.227,0.288,5.0,12.0,False
777580,2025-06-09,Progressive Field,Cleveland Guardians,Cincinnati Reds,0.309,0.295,4.26,9.0,False
777560,2025-06-10,Petco Park,San Diego Padres,Los Angeles Dodgers,0.262,0.292,4.28,3.8,False
777564,2025-06-10,Angel Stadium,Los Angeles Angels,Athletics,0.282,0.264,3.86,3.67,False
777559,2025-06-10,Chase Field,Arizona Diamondbacks,Seattle Mariners,0.26,0.284,5.5,3.38,False
777563,2025-06-10,Coors Field,Colorado Rockies,San Francisco Giants,0.257,0.274,7.77,4.56,True
777567,2025-06-10,Daikin Park,Houston Astros,Chicago White Sox,0.319,0.286,4.91,2.37,False
777558,2025-06-10,Busch Stadium,St. Louis Cardinals,Toronto Blue Jays,0.271,0.275,4.48,3.7,True
777568,2025-06-10,American Family Field,Milwaukee Brewers,Atlanta Braves,0.261,0.333,3.65,4.07,False
777566,2025-06-10,PNC Park,Pittsburgh Pirates,Miami Marlins,0.227,0.282,4.15,7.14,False
777557,2025-06-10,Target Field,Minnesota Twins,Texas Rangers,0.268,0.271,5.74,2.34,False
777565,2025-06-10,Fenway Park,Boston Red Sox,Tampa Bay Rays,0.271,0.252,5.45,3.31,True
777570,2025-06-10,Citi Field,New York Mets,Washington Nationals,0.282,0.269,3.22,2.88,True
777571,2025-06-10,Citizens Bank Park,Philadelphia Phillies,Chicago Cubs,0.299,0.255,2.35,3.92,False
777569,2025-06-10,Progressive Field,Cleveland Guardians,Cincinnati Reds,0.305,0.294,4.26,1.87,False
777573,2025-06-10,Oriole Park at Camden Yards,Baltimore Orioles,Detroit Tigers,0.267,0.5,5.46,1.75,False
777572,2025-06-10,Kauffman Stadium,Kansas City Royals,New York Yankees,0.248,0.31,2.17,1.84,True
777562,2025-06-11,Oriole Park at Camden Yards,Baltimore Orioles,Detroit Tigers,0.27,0.161,4.08,2.95,False
777547,2025-06-11,Coors Field,Colorado Rockies,San Francisco Giants,0.262,0.275,5.13,2.55,True
777550,2025-06-11,Daikin Park,Houston Astros,Chicago White Sox,0.322,0.274,4.56,4.71,True
777551,2025-06-11,Kauffman Stadium,Kansas City Royals,New York Yankees,0.252,0.312,1.92,3.6,False
777556,2025-06-11,Target Field,Minnesota Twins,Texas Rangers,0.279,0.276,4.76,3.88,False
777561,2025-06-11,Fenway Park,Boston Red Sox,Tampa Bay Rays,0.271,0.239,5.01,3.84,True
777543,2025-06-11,Petco Park,San Diego Padres,Los Angeles Dodgers,0.259,0.29,3.57,2.86,False
777555,2025-06-11,Citi Field,New York Mets,Washington Nationals,0.282,0.264,2.49,4.21,True
777548,2025-06-11,Chase Field,Arizona Diamondbacks,Seattle Mariners,0.26,0.279,6.27,3.39,True
777552,2025-06-11,PNC Park,Pittsburgh Pirates,Miami Marlins,0.229,0.277,3.36,5.61,False
777553,2025-06-11,Citizens Bank Park,Philadelphia Phillies,Chicago Cubs,0.303,0.255,4.23,5.71,True
777549,2025-06-11,Progressive Field,Cleveland Guardians,Cincinnati Reds,0.164,0.294,4.28,3.76,True
777542,2025-06-11,Angel Stadium,Los Angeles Angels,Athletics,0.281,0.259,5.2,5.08,True
777545,2025-06-11,Busch Stadium,St. Louis Cardinals,Toronto Blue Jays,0.233,0.275,4.17,2.37,True
777554,2025-06-11,American Family Field,Milwaukee Brewers,Atlanta Braves,0.261,0.353,3.25,3.11,False
777546,2025-06-12,Daikin Park,Houston Astros,Chicago White Sox,0.324,0.287,3.1,3.79,False
777532,2025-06-12,American Family Field,Milwaukee Brewers,St. Louis Cardinals,0.292,0.23,2.25,3.84,False
777536,2025-06-12,Kauffman Stadium,Kansas City Royals,New York Yankees,0.252,0.244,3.18,4.86,False
777541,2025-06-12,Wrigley Field,Chicago Cubs,Pittsburgh Pirates,0.251,0.226,3.48,3.33,False
777534,2025-06-12,Coors Field,Colorado Rockies,San Francisco Giants,0.265,0.275,7.23,2.79,False
777533,2025-06-12,Target Field,Minnesota Twins,Texas Rangers,0.276,0.279,4.4,3.66,True
777544,2025-06-12,Citi Field,New York Mets,Washington Nationals,0.279,0.264,1.47,5.14,True
777540,2025-06-12,Oriole Park at Camden Yards,Baltimore Orioles,Detroit Tigers,0.223,0.5,2.79,1.99,False
777522,2025-06-13,Dodger Stadium,Los Angeles Dodgers,San Francisco Giants,0.286,0.27,2.64,2.58,True
777520,2025-06-13,T-Mobile Park,Seattle Mariners,Cleveland Guardians,0.286,0.308,3.29,3.89,False
777521,2025-06-13,Chase Field,Arizona Diamondbacks,San Diego Padres,0.26,0.264,4.14,3.5,True
777525,2025-06-13,American Family Field,Milwaukee Brewers,St. Louis Cardinals,0.296,0.226,2.6,3.65,False
777527,2025-06-13,Daikin Park,Houston Astros,Minnesota Twins,0.333,0.276,4.7,4.3,True
777529,2025-06-13,Kauffman Stadium,Kansas City Royals,Athletics,0.249,0.262,3.38,4.47,True
777524,2025-06-13,Globe Life Field,Texas Rangers,Chicago White Sox,0.284,0.278,3.0,2.15,True
777528,2025-06-13,Citi Field,New York Mets,Tampa Bay Rays,0.278,0.227,2.87,4.35,False
777537,2025-06-13,Fenway Park,Boston Red Sox,New York Yankees,0.29,0.308,2.24,3.96,False
777538,2025-06-13,Comerica Park,Detroit Tigers,Cincinnati Reds,0.271,0.294,1.72,3.92,True
777530,2025-06-13,Nationals Park,Washington Nationals,Miami Marlins,0.27,0.284,4.84,4.1,True
777531,2025-06-13,Citizens Bank Park,Philadelphia Phillies,Toronto Blue Jays,0.302,0.271,2.32,4.08,False
777526,2025-06-13,Wrigley Field,Chicago Cubs,Pittsburgh Pirates,0.252,0.225,3.47,1.78,False
777535,2025-06-13,Truist Park,Atlanta Braves,Colorado Rockies,0.375,0.265,4.45,6.62,True
777539,2025-06-13,Oriole Park at Camden Yards,Baltimore Orioles,Los Angeles Angels,0.261,0.277,6.05,5.53,False
777510,2025-06-14,Daikin Park,Houston Astros,Minnesota Twins,0.328,0.273,1.88,2.93,False
777506,2025-06-14,Dodger Stadium,Los Angeles Dodgers,San Francisco Giants,0.29,0.266,3.25,3.99,True
777507,2025-06-14,T-Mobile Park,Seattle Mariners,Cleveland Guardians,0.295,0.302,5.96,3.79,True
777516,2025-06-14,Fenway Park,Boston Red Sox,New York Yankees,0.306,0.239,3.74,3.01,True
777515,2025-06-14,Chase Field,Arizona Diamondbacks,San Diego Padres,0.256,0.266,5.19,2.33,False
777512,2025-06-14,American Family Field,Milwaukee Brewers,St. Louis Cardinals,0.299,0.26,3.35,4.83,True
777523,2025-06-14,Truist Park,Atlanta Braves,Colorado Rockies,0.387,0.25,4.35,6.57,True
777511,2025-06-14,Kauffman Stadium,Kansas City Royals,Athletics,0.312,0.262,4.91,4.8,False
777508,2025-06-14,Globe Life Field,Texas Rangers,Chicago White Sox,0.287,0.274,2.19,1.99,False
777509,2025-06-14,Citizens Bank Park,Philadelphia Phillies,Toronto Blue Jays,0.299,0.268,3.05,6.05,False
777519,2025-06-14,Oriole Park at Camden Yards,Baltimore Orioles,Los Angeles Angels,0.259,0.277,3.38,4.44,True
777513,2025-06-14,Wrigley Field,Chicago Cubs,Pittsburgh Pirates,0.249,0.221,2.79,4.24,True
777517,2025-06-14,Comerica Park,Detroit Tigers,Cincinnati Reds,0.154,0.294,4.03,4.34,False
777514,2025-06-14,Nationals Park,Washington Nationals,Miami Marlins,0.274,0.263,5.71,1.33,False
777518,2025-06-14,Citi Field,New York Mets,Tampa Bay Rays,0.282,0.238,3.95,2.55,False
777498,2025-06-15,Dodger Stadium,Los Angeles Dodgers,San Francisco Giants,0.297,0.265,4.46,4.7,True
777495,2025-06-15,T-Mobile Park,Seattle Mariners,Cleveland Guardians,0.296,0.3,4.48,4.64,False
777491,2025-06-15,Chase Field,Arizona Diamondbacks,San Diego Padres,0.253,0.277,3.41,3.4,False
777493,2025-06-15,Globe Life Field,Texas Rangers,Chicago White Sox,0.288,0.273,7.31,4.67,False
777492,2025-06-15,American Family Field,Milwaukee Brewers,St. Louis Cardinals,0.294,0.313,3.46,4.35,False
777494,2025-06-15,Daikin Park,Houston Astros,Minnesota Twins,0.325,0.244,1.53,5.13,False
777496,2025-06-15,Kauffman Stadium,Kansas City Royals,Athletics,0.309,0.262,1.91,4.52,False
777497,2025-06-15,Wrigley Field,Chicago Cubs,Pittsburgh Pirates,0.249,0.223,3.84,4.08,True
777500,2025-06-15,Fenway Park,Boston Red Sox,New York Yankees,0.307,0.244,3.49,1.89,True
777503,2025-06-15,Nationals Park,Washington Nationals,Miami Marlins,0.277,0.284,2.89,6.43,True
777504,2025-06-15,Truist Park,Atlanta Braves,Colorado Rockies,0.39,0.264,3.97,2.23,False
777499,2025-06-15,Citizens Bank Park,Philadelphia Phillies,Toronto Blue Jays,0.3,0.268,2.76,3.81,True
777501,2025-06-15,Oriole Park at Camden Yards,Baltimore Orioles,Los Angeles Angels,0.234,0.276,3.69,3.05,True
777505,2025-06-15,Comerica Park,Detroit Tigers,Cincinnati Reds,0.5,0.29,4.09,6.75,False
777502,2025-06-15,Citi Field,New York Mets,Tampa Bay Rays,0.279,0.238,3.8,4.54,False
777490,2025-06-16,Dodger Stadium,Los Angeles Dodgers,San Diego Padres,0.3,0.28,9.0,4.69,True
777485,2025-06-16,Sutter Health Park,Athletics,Houston Astros,0.258,0.32,3.5,4.31,True
777486,2025-06-16,T-Mobile Park,Seattle Mariners,Boston Red Sox,0.293,0.264,2.55,4.73,True
777484,2025-06-16,George M. Steinbrenner Field,Tampa Bay Rays,Baltimore Orioles,0.241,0.256,3.11,4.81,True
777488,2025-06-16,Nationals Park,Washington Nationals,Colorado Rockies,0.276,0.26,4.23,7.76,True
777483,2025-06-16,loanDepot park,Miami Marlins,Philadelphia Phillies,0.288,0.306,6.88,2.21,True
777487,2025-06-16,Yankee Stadium,New York Yankees,Los Angeles Angels,0.243,0.274,3.16,3.54,False
777468,2025-06-17,Globe Life Field,Texas Rangers,Kansas City Royals,0.273,0.243,4.4,3.05,True
777469,2025-06-17,Sutter Health Park,Athletics,Houston Astros,0.254,0.317,5.45,10.5,True
777472,2025-06-17,Oracle Park,San Francisco Giants,Cleveland Guardians,0.265,0.298,2.68,4.15,True
777471,2025-06-17,Dodger Stadium,Los Angeles Dodgers,San Diego Padres,0.296,0.278,2.87,3.7,True
777473,2025-06-17,T-Mobile Park,Seattle Mariners,Boston Red Sox,0.294,0.261,3.12,5.95,False
777482,2025-06-17,Wrigley Field,Chicago Cubs,Milwaukee Brewers,0.246,0.289,5.57,3.5,False
777467,2025-06-17,Rate Field,Chicago White Sox,St. Louis Cardinals,0.276,0.323,2.85,4.08,True
777480,2025-06-17,Nationals Park,Washington Nationals,Colorado Rockies,0.275,0.237,5.06,6.72,True
777489,2025-06-17,Truist Park,Atlanta Braves,New York Mets,0.392,0.275,3.26,2.6,True
777478,2025-06-17,Great American Ball Park,Cincinnati Reds,Minnesota Twins,0.288,0.273,1.84,4.78,False
777479,2025-06-17,Rogers Centre,Toronto Blue Jays,Arizona Diamondbacks,0.27,0.254,3.75,5.38,True
777476,2025-06-17,Yankee Stadium,New York Yankees,Los Angeles Angels,0.236,0.279,4.83,4.79,False
777475,2025-06-17,Comerica Park,Detroit Tigers,Pittsburgh Pirates,0.273,0.223,2.96,3.49,False
777481,2025-06-17,loanDepot park,Miami Marlins,Philadelphia Phillies,0.29,0.308,5.68,4.41,False
777477,2025-06-17,George M. Steinbrenner Field,Tampa Bay Rays,Baltimore Orioles,0.234,0.255,3.88,4.8,False
777457,2025-06-18,Dodger Stadium,Los Angeles Dodgers,San Diego Padres,0.292,0.274,2.25,3.59,False
777456,2025-06-18,Sutter Health Park,Athletics,Houston Astros,0.228,0.321,4.42,3.09,False
777454,2025-06-18,Oracle Park,San Francisco Giants,Cleveland Guardians,0.284,0.293,4.45,4.21,True
777460,2025-06-18,Globe Life Field,Texas Rangers,Kansas City Royals,0.265,0.242,3.91,2.12,True
777463,2025-06-18,George M. Steinbrenner Field,Tampa Bay Rays,Baltimore Orioles,0.268,0.254,4.95,3.12,False
777470,2025-06-18,Truist Park,Atlanta Braves,New York Mets,0.39,0.271,2.52,6.92,True
777462,2025-06-18,Rogers Centre,Toronto Blue Jays,Arizona Diamondbacks,0.275,0.28,2.29,5.93,True
777466,2025-06-18,Yankee Stadium,New York Yankees,Los Angeles Angels,0.239,0.272,3.9,5.38,True
777461,2025-06-18,Nationals Park,Washington Nationals,Colorado Rockies,0.273,0.306,4.59,6.11,False
777465,2025-06-18,loanDepot park,Miami Marlins,Philadelphia Phillies,0.289,0.304,6.35,2.2,False
777453,2025-06-18,T-Mobile Park,Seattle Mariners,Boston Red Sox,0.235,0.258,3.38,2.2,False
777442,2025-06-19,Dodger Stadium,Los Angeles Dodgers,San Diego Padres,0.292,0.27,2.76,1.88,False
777441,2025-06-19,Sutter Health Park,Athletics,Houston Astros,0.257,0.322,4.25,4.54,False
777446,2025-06-19,George M. Steinbrenner Field,Tampa Bay Rays,Baltimore Orioles,0.241,0.253,2.61,5.64,False
777455,2025-06-19,Truist Park,Atlanta Braves,New York Mets,0.376,0.268,3.89,3.04,False
777444,2025-06-19,loanDepot park,Miami Marlins,Philadelphia Phillies,0.284,0.3,3.81,2.87,False
777440,2025-06-19,Oracle Park,San Francisco Giants,Cleveland Guardians,0.259,0.3,2.49,3.58,False
777448,2025-06-19,Rogers Centre,Toronto Blue Jays,Arizona Diamondbacks,0.272,0.259,4.6,3.88,False
777443,2025-06-19,Globe Life Field,Texas Rangers,Kansas City Royals,0.254,0.238,3.38,3.24,True
777449,2025-06-19,Yankee Stadium,New York Yankees,Los Angeles Angels,0.303,0.268,3.1,4.56,True
777458,2025-06-19,Rate Field,Chicago White Sox,St. Louis Cardinals,0.274,0.317,2.94,2.7,False
777447,2025-06-19,Rate Field,Chicago White Sox,St. Louis Cardinals,0.25,0.252,4.5,3.54,True
777464,2025-06-19,Comerica Park,Detroit Tigers,Pittsburgh Pirates,0.247,0.218,4.72,1.85,False
777451,2025-06-19,Comerica Park,Detroit Tigers,Pittsburgh Pirates,0.281,0.226,2.06,3.94,True
777445,2025-06-19,Nationals Park,Washington Nationals,Colorado Rockies,0.276,0.263,5.54,6.19,False
777452,2025-06-19,Great American Ball Park,Cincinnati Reds,Minnesota Twins,0.294,0.28,4.55,4.48,True
777450,2025-06-19,Wrigley Field,Chicago Cubs,Milwaukee Brewers,0.246,0.287,3.84,2.76,True
777430,2025-06-20,Coors Field,Colorado Rockies,Arizona Diamondbacks,0.262,0.296,8.38,5.6,True
777425,2025-06-20,Oracle Park,San Francisco Giants,Boston Red Sox,0.259,0.26,3.25,4.1,True
777427,2025-06-20,Dodger Stadium,Los Angeles Dodgers,Washington Nationals,0.292,0.279,3.31,3.19,True
777429,2025-06-20,Sutter Health Park,Athletics,Cleveland Guardians,0.264,0.299,4.24,3.96,True
777426,2025-06-20,Petco Park,San Diego Padres,Kansas City Royals,0.267,0.245,3.64,4.81,True
777428,2025-06-20,Angel Stadium,Los Angeles Angels,Houston Astros,0.263,0.328,3.01,1.88,True
777434,2025-06-20,Target Field,Minnesota Twins,Milwaukee Brewers,0.277,0.293,3.06,1.64,False
777432,2025-06-20,PNC Park,Pittsburgh Pirates,Texas Rangers,0.213,0.286,4.82,2.24,True
777433,2025-06-20,Busch Stadium,St. Louis Cardinals,Cincinnati Reds,0.313,0.29,4.48,4.13,False
777439,2025-06-20,loanDepot park,Miami Marlins,Atlanta Braves,0.285,0.382,2.6,7.2,False
777435,2025-06-20,Rogers Centre,Toronto Blue Jays,Chicago White Sox,0.278,0.268,7.11,3.6,True
777438,2025-06-20,Yankee Stadium,New York Yankees,Baltimore Orioles,0.298,0.26,2.05,3.55,True
777431,2025-06-20,George M. Steinbrenner Field,Tampa Bay Rays,Detroit Tigers,0.277,0.246,4.79,4.83,True
777436,2025-06-20,Wrigley Field,Chicago Cubs,Seattle Mariners,0.246,0.288,2.84,6.16,True
777437,2025-06-20,Citizens Bank Park,Philadelphia Phillies,New York Mets,0.302,0.264,2.61,9.82,False
777416,2025-06-21,Dodger Stadium,Los Angeles Dodgers,Washington Nationals,0.288,0.278,4.46,4.18,False
777411,2025-06-21,Sutter Health Park,Athletics,Cleveland Guardians,0.261,0.305,3.84,4.3,False
777414,2025-06-21,Angel Stadium,Los Angeles Angels,Houston Astros,0.267,0.324,3.39,3.8,False
777410,2025-06-21,Coors Field,Colorado Rockies,Arizona Diamondbacks,0.326,0.311,7.63,3.39,True
777423,2025-06-21,Citizens Bank Park,Philadelphia Phillies,New York Mets,0.298,0.267,3.47,3.91,True
777413,2025-06-21,Petco Park,San Diego Padres,Kansas City Royals,0.268,0.242,4.43,2.08,False
777424,2025-06-21,loanDepot park,Miami Marlins,Atlanta Braves,0.282,0.391,6.17,3.71,True
777421,2025-06-21,PNC Park,Pittsburgh Pirates,Texas Rangers,0.215,0.285,4.02,6.68,False
777418,2025-06-21,Rogers Centre,Toronto Blue Jays,Chicago White Sox,0.277,0.118,3.51,5.03,True
777419,2025-06-21,Wrigley Field,Chicago Cubs,Seattle Mariners,0.25,0.29,3.73,5.43,True
777415,2025-06-21,Busch Stadium,St. Louis Cardinals,Cincinnati Reds,0.312,0.289,3.72,3.25,True
777412,2025-06-21,Target Field,Minnesota Twins,Milwaukee Brewers,0.278,0.296,5.06,2.98,True
777422,2025-06-21,Yankee Stadium,New York Yankees,Baltimore Orioles,0.232,0.257,2.84,5.46,True
777420,2025-06-21,George M. Steinbrenner Field,Tampa Bay Rays,Detroit Tigers,0.28,0.246,3.04,2.29,True
777417,2025-06-21,Oracle Park,San Francisco Giants,Boston Red Sox,0.254,0.257,3.67,3.31,True
777400,2025-06-22,Sutter Health Park,Athletics,Cleveland Guardians,0.26,0.307,5.44,3.38,False
777396,2025-06-22,Petco Park,San Diego Padres,Kansas City Royals,0.268,0.238,3.6,2.93,False
777398,2025-06-22,Dodger Stadium,Los Angeles Dodgers,Washington Nationals,0.291,0.277,4.5,5.06,False
777405,2025-06-22,Citizens Bank Park,Philadelphia Phillies,New York Mets,0.3,0.27,4.08,2.98,False
777397,2025-06-22,Angel Stadium,Los Angeles Angels,Houston Astros,0.22,0.326,4.83,4.62,False
777395,2025-06-22,Oracle Park,San Francisco Giants,Boston Red Sox,0.253,0.301,2.83,4.53,True
777399,2025-06-22,Coors Field,Colorado Rockies,Arizona Diamondbacks,0.323,0.256,6.48,5.49,False
777404,2025-06-22,PNC Park,Pittsburgh Pirates,Texas Rangers,0.211,0.28,3.59,4.55,False
777407,2025-06-22,Busch Stadium,St. Louis Cardinals,Cincinnati Reds,0.308,0.29,4.31,1.79,True
777401,2025-06-22,Target Field,Minnesota Twins,Milwaukee Brewers,0.285,0.298,0.87,3.68,True
777402,2025-06-22,loanDepot park,Miami Marlins,Atlanta Braves,0.289,0.396,6.69,4.77,True
777408,2025-06-22,Rogers Centre,Toronto Blue Jays,Chicago White Sox,0.279,0.268,3.61,2.27,False
777409,2025-06-22,George M. Steinbrenner Field,Tampa Bay Rays,Detroit Tigers,0.282,0.243,3.78,2.88,False
777406,2025-06-22,Yankee Stadium,New York Yankees,Baltimore Orioles,0.244,0.259,4.66,4.6,True
777403,2025-06-22,Wrigley Field,Chicago Cubs,Seattle Mariners,0.249,0.291,4.42,3.12,True
777382,2025-06-23,Petco Park,San Diego Padres,Washington Nationals,0.267,0.284,3.95,4.59,False
777381,2025-06-23,Angel Stadium,Los Angeles Angels,Boston Red Sox,0.278,0.257,5.49,6.29,True
777392,2025-06-23,Busch Stadium,St. Louis Cardinals,Chicago Cubs,0.307,0.246,3.96,6.13,False
777391,2025-06-23,American Family Field,Milwaukee Brewers,Pittsburgh Pirates,0.293,0.211,3.72,1.23,True
777393,2025-06-23,Rate Field,Chicago White Sox,Arizona Diamondbacks,0.267,0.26,3.38,5.4,True
777388,2025-06-23,Target Field,Minnesota Twins,Seattle Mariners,0.28,0.287,4.9,3.12,False
777390,2025-06-23,Great American Ball Park,Cincinnati Reds,New York Yankees,0.293,0.293,3.63,8.31,True
777389,2025-06-23,Citi Field,New York Mets,Atlanta Braves,0.273,0.396,6.62,3.21,False
777394,2025-06-23,Oriole Park at Camden Yards,Baltimore Orioles,Texas Rangers,0.265,0.278,1.62,4.24,False
777372,2025-06-24,Petco Park,San Diego Padres,Washington Nationals,0.264,0.287,2.67,5.65,False
777376,2025-06-24,Angel Stadium,Los Angeles Angels,Boston Red Sox,0.278,0.294,4.41,2.06,False
777379,2025-06-24,Coors Field,Colorado Rockies,Los Angeles Dodgers,0.327,0.289,5.79,3.32,True
777377,2025-06-24,Daikin Park,Houston Astros,Philadelphia Phillies,0.326,0.3,2.88,2.08,False
777373,2025-06-24,Busch Stadium,St. Louis Cardinals,Chicago Cubs,0.31,0.246,4.22,4.47,False
777374,2025-06-24,American Family Field,Milwaukee Brewers,Pittsburgh Pirates,0.295,0.208,2.9,4.48,False
777383,2025-06-24,Rate Field,Chicago White Sox,Arizona Diamondbacks,0.257,0.26,4.4,3.71,True
777364,2025-06-24,Oracle Park,San Francisco Giants,Miami Marlins,0.25,0.293,4.52,5.56,False
777378,2025-06-24,Kauffman Stadium,Kansas City Royals,Tampa Bay Rays,0.238,0.289,2.18,4.57,False
777385,2025-06-24,Great American Ball Park,Cincinnati Reds,New York Yankees,0.291,0.24,5.4,2.92,False
777387,2025-06-24,Citi Field,New York Mets,Atlanta Braves,0.268,0.385,3.0,4.07,False
777384,2025-06-24,Progressive Field,Cleveland Guardians,Toronto Blue Jays,0.31,0.277,4.25,2.21,True
777386,2025-06-24,Comerica Park,Detroit Tigers,Athletics,0.242,0.353,2.29,4.83,True
777380,2025-06-24,Oriole Park at Camden Yards,Baltimore Orioles,Texas Rangers,0.262,0.282,5.63,3.22,False
777375,2025-06-24,Target Field,Minnesota Twins,Seattle Mariners,0.28,0.284,4.64,3.69,False
777355,2025-06-25,Oracle Park,San Francisco Giants,Miami Marlins,0.251,0.288,2.52,3.78,True
777358,2025-06-25,Coors Field,Colorado Rockies,Los Angeles Dodgers,0.333,0.291,6.06,2.61,False
777366,2025-06-25,Daikin Park,Houston Astros,Philadelphia Phillies,0.325,0.299,3.98,2.45,True
777363,2025-06-25,Target Field,Minnesota Twins,Seattle Mariners,0.279,0.279,2.86,5.4,False
777359,2025-06-25,Kauffman Stadium,Kansas City Royals,Tampa Bay Rays,0.236,0.289,3.33,2.45,False
777367,2025-06-25,Great American Ball Park,Cincinnati Reds,New York Yankees,0.287,0.251,4.31,1.92,False
777369,2025-06-25,Citi Field,New York Mets,Atlanta Braves,0.265,0.383,2.97,10.8,False
777357,2025-06-25,Busch Stadium,St. Louis Cardinals,Chicago Cubs,0.305,0.249,4.11,2.65,True
777371,2025-06-25,Comerica Park,Detroit Tigers,Athletics,0.28,0.254,4.8,3.56,False
777365,2025-06-25,Oriole Park at Camden Yards,Baltimore Orioles,Texas Rangers,0.259,0.276,7.11,2.08,False
777360,2025-06-25,Petco Park,San Diego Padres,Washington Nationals,0.288,0.283,3.36,3.09,False
777362,2025-06-25,Angel Stadium,Los Angeles Angels,Boston Red Sox,0.274,0.284,2.79,4.68,True
777361,2025-06-25,American Family Field,Milwaukee Brewers,Pittsburgh Pirates,0.296,0.251,1.13,2.12,False
777370,2025-06-25,Rate Field,Chicago White Sox,Arizona Diamondbacks,0.276,0.259,4.22,5.75,True
777368,2025-06-25,Progressive Field,Cleveland Guardians,Toronto Blue Jays,0.307,0.276,3.68,5.63,True
777352,2025-06-26,Citi Field,New York Mets,Atlanta Braves,0.265,0.369,3.77,3.7,False
777347,2025-06-26,Oracle Park,San Francisco Giants,Miami Marlins,0.247,0.286,4.13,3.73,True
777344,2025-06-26,Coors Field,Colorado Rockies,Los Angeles Dodgers,0.324,0.291,6.14,3.03,False
777348,2025-06-26,Busch Stadium,St. Louis Cardinals,Chicago Cubs,0.301,0.249,4.43,2.54,False
777350,2025-06-26,Daikin Park,Houston Astros,Philadelphia Phillies,0.324,0.295,1.74,2.79,False
777356,2025-06-26,Target Field,Minnesota Twins,Seattle Mariners,0.279,0.279,4.63,5.3,False
777354,2025-06-26,Progressive Field,Cleveland Guardians,Toronto Blue Jays,0.306,0.272,3.9,4.21,False
777351,2025-06-26,Comerica Park,Detroit Tigers,Athletics,0.281,0.345,3.6,4.11,False
777353,2025-06-26,Kauffman Stadium,Kansas City Royals,Tampa Bay Rays,0.239,0.286,4.91,4.37,False
777338,2025-06-27,Rate Field,Chicago White Sox,San Francisco Giants,0.264,0.282,4.74,3.43,True
777332,2025-06-27,Chase Field,Arizona Diamondbacks,Miami Marlins,0.259,0.285,3.49,6.19,False
777331,2025-06-27,Angel Stadium,Los Angeles Angels,Washington Nationals,0.224,0.287,3.99,4.73,False
777335,2025-06-27,Kauffman Stadium,Kansas City Royals,Los Angeles Dodgers,0.236,0.295,2.79,4.68,True
777336,2025-06-27,Daikin Park,Houston Astros,Chicago Cubs,0.322,0.245,3.34,4.8,False
777340,2025-06-27,Globe Life Field,Texas Rangers,Seattle Mariners,0.279,0.284,1.87,3.55,True
777342,2025-06-27,Truist Park,Atlanta Braves,Philadelphia Phillies,0.366,0.302,5.82,3.47,True
777339,2025-06-27,American Family Field,Milwaukee Brewers,Colorado Rockies,0.299,0.234,3.3,5.56,False
777345,2025-06-27,Fenway Park,Boston Red Sox,Toronto Blue Jays,0.254,0.273,3.41,3.26,True
777341,2025-06-27,PNC Park,Pittsburgh Pirates,New York Mets,0.224,0.262,3.9,3.3,False
777343,2025-06-27,Oriole Park at Camden Yards,Baltimore Orioles,Tampa Bay Rays,0.256,0.288,4.06,3.36,False
777334,2025-06-27,Comerica Park,Detroit Tigers,Minnesota Twins,0.241,0.278,4.7,5.4,False
777337,2025-06-27,Yankee Stadium,New York Yankees,Athletics,0.247,0.251,4.37,3.82,False
777346,2025-06-27,Great American Ball Park,Cincinnati Reds,San Diego Padres,0.284,0.284,4.12,4.53,True
777349,2025-06-27,Progressive Field,Cleveland Guardians,St. Louis Cardinals,0.302,0.3,4.36,3.36,False
777315,2025-06-28,Angel Stadium,Los Angeles Angels,Washington Nationals,0.226,0.286,4.66,4.7,False
777333,2025-06-28,Truist Park,Atlanta Braves,Philadelphia Phillies,0.365,0.299,3.09,4.06,True
777320,2025-06-28,Daikin Park,Houston Astros,Chicago Cubs,0.254,0.243,6.61,4.37,True
777321,2025-06-28,American Family Field,Milwaukee Brewers,Colorado Rockies,0.295,0.319,3.35,6.69,True
777318,2025-06-28,Chase Field,Arizona Diamondbacks,Miami Marlins,0.265,0.283,5.38,6.98,True
777323,2025-06-28,Fenway Park,Boston Red Sox,Toronto Blue Jays,0.252,0.274,3.99,4.29,True
777329,2025-06-28,Progressive Field,Cleveland Guardians,St. Louis Cardinals,0.3,0.302,3.64,4.76,True
777327,2025-06-28,Rate Field,Chicago White Sox,San Francisco Giants,0.26,0.253,1.9,2.75,False
777319,2025-06-28,Kauffman Stadium,Kansas City Royals,Los Angeles Dodgers,0.246,0.291,2.74,2.25,False
777322,2025-06-28,Globe Life Field,Texas Rangers,Seattle Mariners,0.278,0.279,6.13,2.93,False
777330,2025-06-28,Oriole Park at Camden Yards,Baltimore Orioles,Tampa Bay Rays,0.262,0.27,5.95,3.61,True
777325,2025-06-28,PNC Park,Pittsburgh Pirates,New York Mets,0.248,0.261,3.62,7.71,True
777324,2025-06-28,Comerica Park,Detroit Tigers,Minnesota Twins,0.245,0.286,2.86,5.28,False
777326,2025-06-28,Yankee Stadium,New York Yankees,Athletics,0.285,0.248,3.09,5.09,False
777328,2025-06-28,Great American Ball Park,Cincinnati Reds,San Diego Padres,0.288,0.283,1.79,3.84,True
777304,2025-06-29,Kauffman Stadium,Kansas City Royals,Los Angeles Dodgers,0.246,0.287,2.25,4.22,True
777314,2025-06-29,Comerica Park,Detroit Tigers,Minnesota Twins,0.247,0.281,2.15,4.7,True
777303,2025-06-29,Chase Field,Arizona Diamondbacks,Miami Marlins,0.262,0.26,5.13,5.42,True
777302,2025-06-29,Globe Life Field,Texas Rangers,Seattle Mariners,0.281,0.277,4.29,3.55,False
777301,2025-06-29,American Family Field,Milwaukee Brewers,Colorado Rockies,0.3,0.316,3.51,5.62,False
777311,2025-06-29,Rate Field,Chicago White Sox,San Francisco Giants,0.281,0.278,4.59,4.26,True
777308,2025-06-29,Daikin Park,Houston Astros,Chicago Cubs,0.254,0.24,2.72,4.44,False
777305,2025-06-29,Angel Stadium,Los Angeles Angels,Washington Nationals,0.229,0.287,5.44,4.63,True
777307,2025-06-29,Yankee Stadium,New York Yankees,Athletics,0.244,0.248,8.16,5.09,False
777316,2025-06-29,Truist Park,Atlanta Braves,Philadelphia Phillies,0.361,0.296,3.86,2.0,False
777310,2025-06-29,Fenway Park,Boston Red Sox,Toronto Blue Jays,0.304,0.272,6.45,2.6,True
777317,2025-06-29,Oriole Park at Camden Yards,Baltimore Orioles,Tampa Bay Rays,0.259,0.269,4.27,4.79,False
777312,2025-06-29,Great American Ball Park,Cincinnati Reds,San Diego Padres,0.284,0.283,3.52,3.73,False
777313,2025-06-29,PNC Park,Pittsburgh Pirates,New York Mets,0.252,0.258,4.15,6.0,True
777309,2025-06-29,Progressive Field,Cleveland Guardians,St. Louis Cardinals,0.295,0.297,4.27,3.7,True
777291,2025-06-30,Chase Field,Arizona Diamondbacks,San Francisco Giants,0.262,0.265,3.61,2.61,False
777297,2025-06-30,T-Mobile Park,Seattle Mariners,Kansas City Royals,0.279,0.247,4.85,3.62,False
777292,2025-06-30,Globe Life Field,Texas Rangers,Baltimore Orioles,0.25,0.258,4.26,2.05,False
777296,2025-06-30,George M. Steinbrenner Field,Tampa Bay Rays,Athletics,0.291,0.25,2.78,3.88,True
777300,2025-06-30,Fenway Park,Boston Red Sox,Cincinnati Reds,0.253,0.283,2.34,13.5,True
777295,2025-06-30,Rogers Centre,Toronto Blue Jays,New York Yankees,0.306,0.246,4.85,2.95,False
777299,2025-06-30,PNC Park,Pittsburgh Pirates,St. Louis Cardinals,0.258,0.295,4.16,4.56,True
777306,2025-06-30,Citizens Bank Park,Philadelphia Phillies,San Diego Padres,0.295,0.286,2.27,7.71,False
777278,2025-07-01,Chase Field,Arizona Diamondbacks,San Francisco Giants,0.265,0.244,5.45,4.3,False
777281,2025-07-01,T-Mobile Park,Seattle Mariners,Kansas City Royals,0.279,0.247,5.47,4.95,True
777280,2025-07-01,Dodger Stadium,Los Angeles Dodgers,Chicago White Sox,0.287,0.271,2.51,3.86,True
777285,2025-07-01,Coors Field,Colorado Rockies,Houston Astros,0.311,0.251,6.65,4.37,True
777282,2025-07-01,Globe Life Field,Texas Rangers,Baltimore Orioles,0.276,0.255,2.13,7.02,False
777287,2025-07-01,Wrigley Field,Chicago Cubs,Cleveland Guardians,0.237,0.296,2.65,3.86,False
777293,2025-07-01,loanDepot park,Miami Marlins,Minnesota Twins,0.283,0.277,3.41,2.75,False
777294,2025-07-01,Fenway Park,Boston Red Sox,Cincinnati Reds,0.253,0.282,4.5,4.36,True
777286,2025-07-01,George M. Steinbrenner Field,Tampa Bay Rays,Athletics,0.288,0.25,4.33,4.07,False
777288,2025-07-01,PNC Park,Pittsburgh Pirates,St. Louis Cardinals,0.25,0.294,2.03,4.1,False
777283,2025-07-01,Rogers Centre,Toronto Blue Jays,New York Yankees,0.305,0.284,4.18,2.13,True
777298,2025-07-01,Truist Park,Atlanta Braves,Los Angeles Angels,0.35,0.268,3.47,4.12,False
777274,2025-07-02,Rogers Centre,Toronto Blue Jays,New York Yankees,0.216,0.233,3.64,5.02,True
777270,2025-07-02,Chase Field,Arizona Diamondbacks,San Francisco Giants,0.272,0.243,3.55,3.48,True
777262,2025-07-02,T-Mobile Park,Seattle Mariners,Kansas City Royals,0.283,0.243,3.4,2.56,True
777269,2025-07-02,Coors Field,Colorado Rockies,Houston Astros,0.323,0.253,5.49,1.82,True
777268,2025-07-02,Globe Life Field,Texas Rangers,Baltimore Orioles,0.283,0.255,1.75,4.44,False
777266,2025-07-02,Wrigley Field,Chicago Cubs,Cleveland Guardians,0.235,0.292,2.78,4.2,False
777279,2025-07-02,Truist Park,Atlanta Braves,Los Angeles Angels,0.346,0.264,9.0,2.81,True
777277,2025-07-02,Fenway Park,Boston Red Sox,Cincinnati Reds,0.253,0.281,4.05,4.2,False
777275,2025-07-02,loanDepot park,Miami Marlins,Minnesota Twins,0.283,0.277,3.62,4.41,True
777267,2025-07-02,Dodger Stadium,Los Angeles Dodgers,Chicago White Sox,0.286,0.26,3.43,4.46,True
777276,2025-07-02,Citi Field,New York Mets,Milwaukee Brewers,0.254,0.296,3.74,3.2,False
777271,2025-07-02,George M. Steinbrenner Field,Tampa Bay Rays,Athletics,0.269,0.189,3.34,4.06,True
777272,2025-07-02,PNC Park,Pittsburgh Pirates,St. Louis Cardinals,0.25,0.293,3.64,3.51,False
777284,2025-07-02,Nationals Park,Washington Nationals,Detroit Tigers,0.288,0.254,6.21,4.12,True
777294,2025-07-02,Fenway Park,Boston Red Sox,Cincinnati Reds,0.253,0.282,4.5,4.36,True
777273,2025-07-02,Citizens Bank Park,Philadelphia Phillies,San Diego Padres,0.298,0.258,5.04,3.25,False
777290,2025-07-02,Citizens Bank Park,Philadelphia Phillies,San Diego Padres,0.297,0.261,2.68,4.62,False
777289,2025-07-02,Citi Field,New York Mets,Milwaukee Brewers,0.255,0.301,2.99,2.91,True
777265,2025-07-02,Nationals Park,Washington Nationals,Detroit Tigers,0.287,0.208,3.11,4.84,True
777253,2025-07-03,Dodger Stadium,Los Angeles Dodgers,Chicago White Sox,0.284,0.264,4.52,4.6,True
777251,2025-07-03,T-Mobile Park,Seattle Mariners,Kansas City Royals,0.285,0.244,2.96,2.65,False
777256,2025-07-03,Chase Field,Arizona Diamondbacks,San Francisco Giants,0.299,0.25,5.42,2.68,True
777261,2025-07-03,Truist Park,Atlanta Braves,Los Angeles Angels,0.344,0.27,5.92,3.72,True
777259,2025-07-03,Wrigley Field,Chicago Cubs,Cleveland Guardians,0.233,0.295,4.15,3.41,False
777260,2025-07-03,Rogers Centre,Toronto Blue Jays,New York Yankees,0.271,0.249,4.32,3.32,True
777258,2025-07-03,Nationals Park,Washington Nationals,Detroit Tigers,0.286,0.258,4.71,7.0,True
777264,2025-07-03,Coors Field,Colorado Rockies,Houston Astros,0.328,0.256,5.49,4.15,True
777263,2025-07-03,loanDepot park,Miami Marlins,Minnesota Twins,0.286,0.272,4.5,5.48,True
777257,2025-07-03,Citi Field,New York Mets,Milwaukee Brewers,0.252,0.296,3.18,3.44,False
777254,2025-07-04,loanDepot park,Miami Marlins,Milwaukee Brewers,0.288,0.292,7.01,3.59,True
777248,2025-07-04,Chase Field,Arizona Diamondbacks,Kansas City Royals,0.298,0.246,5.78,2.36,True
777235,2025-07-04,Dodger Stadium,Los Angeles Dodgers,Houston Astros,0.282,0.255,4.68,5.82,True
777243,2025-07-04,Coors Field,Colorado Rockies,Chicago White Sox,0.326,0.271,6.57,1.6,False
777244,2025-07-04,Sutter Health Park,Athletics,San Francisco Giants,0.255,0.274,4.76,4.84,True
777252,2025-07-04,Truist Park,Atlanta Braves,Baltimore Orioles,0.341,0.252,3.93,5.47,False
777249,2025-07-04,Progressive Field,Cleveland Guardians,Detroit Tigers,0.296,0.258,3.56,2.89,True
777250,2025-07-04,Citi Field,New York Mets,New York Yankees,0.254,0.271,4.35,7.45,True
777239,2025-07-04,Petco Park,San Diego Padres,Texas Rangers,0.261,0.28,3.79,5.8,False
777247,2025-07-04,Target Field,Minnesota Twins,Tampa Bay Rays,0.272,0.275,4.64,3.5,False
777236,2025-07-04,T-Mobile Park,Seattle Mariners,Pittsburgh Pirates,0.284,0.243,2.77,3.69,True
777246,2025-07-04,Wrigley Field,Chicago Cubs,St. Louis Cardinals,0.233,0.293,4.13,5.26,True
777245,2025-07-04,Nationals Park,Washington Nationals,Boston Red Sox,0.287,0.255,5.4,3.66,False
777242,2025-07-04,Rogers Centre,Toronto Blue Jays,Los Angeles Angels,0.218,0.266,2.65,4.68,False
777255,2025-07-04,Citizens Bank Park,Philadelphia Phillies,Cincinnati Reds,0.299,0.283,4.44,2.15,True
777238,2025-07-05,loanDepot park,Miami Marlins,Milwaukee Brewers,0.288,0.291,5.4,3.52,False
777225,2025-07-05,T-Mobile Park,Seattle Mariners,Pittsburgh Pirates,0.285,0.25,3.31,3.63,False
777227,2025-07-05,Sutter Health Park,Athletics,San Francisco Giants,0.256,0.246,5.3,2.62,True
777223,2025-07-05,Petco Park,San Diego Padres,Texas Rangers,0.258,0.282,4.24,4.18,True
777232,2025-07-05,Coors Field,Colorado Rockies,Chicago White Sox,0.338,0.284,5.84,4.5,True
777221,2025-07-05,Dodger Stadium,Los Angeles Dodgers,Houston Astros,0.281,0.258,1.5,2.9,True
777240,2025-07-05,Progressive Field,Cleveland Guardians,Detroit Tigers,0.293,0.174,4.07,2.63,False
777237,2025-07-05,Truist Park,Atlanta Braves,Baltimore Orioles,0.333,0.251,3.41,4.53,True
777234,2025-07-05,Chase Field,Arizona Diamondbacks,Kansas City Royals,0.251,0.246,3.39,3.83,False
777233,2025-07-05,Citizens Bank Park,Philadelphia Phillies,Cincinnati Reds,0.301,0.208,1.99,3.58,False
777228,2025-07-05,Nationals Park,Washington Nationals,Boston Red Sox,0.286,0.25,4.72,6.25,True
777231,2025-07-05,Rogers Centre,Toronto Blue Jays,Los Angeles Angels,0.27,0.266,4.76,5.42,True
777229,2025-07-05,Wrigley Field,Chicago Cubs,St. Louis Cardinals,0.231,0.296,0.76,3.7,True
777230,2025-07-05,Target Field,Minnesota Twins,Tampa Bay Rays,0.268,0.287,4.5,4.79,False
777241,2025-07-05,Citi Field,New York Mets,New York Yankees,0.259,0.247,6.14,3.3,True
777210,2025-07-06,Sutter Health Park,Athletics,San Francisco Giants,0.253,0.273,4.26,4.11,True
777207,2025-07-06,Petco Park,San Diego Padres,Texas Rangers,0.261,0.283,2.41,4.32,True
777205,2025-07-06,T-Mobile Park,Seattle Mariners,Pittsburgh Pirates,0.284,0.245,4.22,1.94,False
777206,2025-07-06,Dodger Stadium,Los Angeles Dodgers,Houston Astros,0.278,0.257,2.0,4.61,False
777218,2025-07-06,Chase Field,Arizona Diamondbacks,Kansas City Royals,0.247,0.243,6.08,4.61,False
777215,2025-07-06,Coors Field,Colorado Rockies,Chicago White Sox,0.257,0.288,6.68,4.2,True
777220,2025-07-06,Target Field,Minnesota Twins,Tampa Bay Rays,0.27,0.289,2.76,2.82,True
777219,2025-07-06,Wrigley Field,Chicago Cubs,St. Louis Cardinals,0.229,0.296,2.52,4.79,True
777216,2025-07-06,Citi Field,New York Mets,New York Yankees,0.27,0.284,2.45,2.27,False
777226,2025-07-06,Progressive Field,Cleveland Guardians,Detroit Tigers,0.298,0.255,3.61,2.02,False
777214,2025-07-06,Rogers Centre,Toronto Blue Jays,Los Angeles Angels,0.297,0.265,4.13,4.19,True
777217,2025-07-06,Citizens Bank Park,Philadelphia Phillies,Cincinnati Reds,0.299,0.28,2.17,8.1,False
777213,2025-07-06,Nationals Park,Washington Nationals,Boston Red Sox,0.29,0.278,13.5,2.39,True
777222,2025-07-06,Truist Park,Atlanta Braves,Baltimore Orioles,0.25,0.26,3.44,1.57,False
777224,2025-07-06,loanDepot park,Miami Marlins,Milwaukee Brewers,0.284,0.294,3.33,1.5,False
777199,2025-07-07,Oracle Park,San Francisco Giants,Philadelphia Phillies,0.27,0.299,3.39,2.59,False
777203,2025-07-07,Petco Park,San Diego Padres,Arizona Diamondbacks,0.259,0.25,4.91,5.15,True
777200,2025-07-07,Angel Stadium,Los Angeles Angels,Texas Rangers,0.269,0.254,3.02,2.29,True
777202,2025-07-07,Daikin Park,Houston Astros,Cleveland Guardians,0.257,0.297,4.76,4.35,False
777201,2025-07-07,American Family Field,Milwaukee Brewers,Los Angeles Dodgers,0.294,0.28,2.74,2.77,True
777212,2025-07-07,Rate Field,Chicago White Sox,Toronto Blue Jays,0.299,0.271,4.4,3.53,False
777208,2025-07-07,Great American Ball Park,Cincinnati Reds,Miami Marlins,0.277,0.289,4.32,3.12,False
777209,2025-07-07,Fenway Park,Boston Red Sox,Colorado Rockies,0.286,0.343,4.28,5.92,False
777211,2025-07-07,Comerica Park,Detroit Tigers,Tampa Bay Rays,0.264,0.289,3.77,4.34,False
777204,2025-07-07,Kauffman Stadium,Kansas City Royals,Pittsburgh Pirates,0.246,0.238,2.56,4.41,True
777191,2025-07-08,Busch Stadium,St. Louis Cardinals,Washington Nationals,0.296,0.288,3.51,4.78,False
777189,2025-07-08,Sutter Health Park,Athletics,Atlanta Braves,0.256,0.225,3.92,13.85,True
777186,2025-07-08,Oracle Park,San Francisco Giants,Philadelphia Phillies,0.269,0.298,2.63,3.55,False
777185,2025-07-08,Petco Park,San Diego Padres,Arizona Diamondbacks,0.26,0.251,3.07,3.41,False
777180,2025-07-08,Angel Stadium,Los Angeles Angels,Texas Rangers,0.265,0.284,4.0,1.62,True
777192,2025-07-08,Daikin Park,Houston Astros,Cleveland Guardians,0.255,0.292,2.21,3.79,True
777190,2025-07-08,Target Field,Minnesota Twins,Chicago Cubs,0.27,0.23,4.08,2.8,True
777197,2025-07-08,Great American Ball Park,Cincinnati Reds,Miami Marlins,0.278,0.292,4.85,4.0,True
777194,2025-07-08,Kauffman Stadium,Kansas City Royals,Pittsburgh Pirates,0.243,0.24,2.67,3.58,False
777193,2025-07-08,American Family Field,Milwaukee Brewers,Los Angeles Dodgers,0.293,0.281,2.81,3.38,True
777196,2025-07-08,Fenway Park,Boston Red Sox,Colorado Rockies,0.25,0.34,3.27,5.44,False
777187,2025-07-08,Yankee Stadium,New York Yankees,Seattle Mariners,0.262,0.286,4.7,3.72,False
777195,2025-07-08,Comerica Park,Detroit Tigers,Tampa Bay Rays,0.269,0.288,4.7,3.32,True
777198,2025-07-08,Oriole Park at Camden Yards,Baltimore Orioles,New York Mets,0.263,0.258,6.14,3.29,False
777176,2025-07-09,Sutter Health Park,Athletics,Atlanta Braves,0.253,0.336,4.7,5.65,True
777171,2025-07-09,Angel Stadium,Los Angeles Angels,Texas Rangers,0.267,0.287,4.88,6.39,True
777174,2025-07-09,Daikin Park,Houston Astros,Cleveland Guardians,0.255,0.292,3.98,3.44,True
777178,2025-07-09,Busch Stadium,St. Louis Cardinals,Washington Nationals,0.294,0.287,4.49,3.02,True
777173,2025-07-09,Target Field,Minnesota Twins,Chicago Cubs,0.27,0.227,5.25,4.45,True
777177,2025-07-09,Kauffman Stadium,Kansas City Royals,Pittsburgh Pirates,0.243,0.25,2.48,3.79,False
777162,2025-07-09,Petco Park,San Diego Padres,Arizona Diamondbacks,0.259,0.25,4.88,5.16,False
777179,2025-07-09,Fenway Park,Boston Red Sox,Colorado Rockies,0.262,0.345,3.36,6.6,False
777184,2025-07-09,Yankee Stadium,New York Yankees,Seattle Mariners,0.269,0.287,5.06,3.75,True
777182,2025-07-09,Comerica Park,Detroit Tigers,Tampa Bay Rays,0.271,0.287,2.95,3.56,True
777163,2025-07-09,Oracle Park,San Francisco Giants,Philadelphia Phillies,0.269,0.294,4.7,4.14,False
777175,2025-07-09,American Family Field,Milwaukee Brewers,Los Angeles Dodgers,0.29,0.279,3.28,3.52,False
777172,2025-07-09,Rate Field,Chicago White Sox,Toronto Blue Jays,0.247,0.276,1.56,2.78,False
777183,2025-07-09,Great American Ball Park,Cincinnati Reds,Miami Marlins,0.278,0.291,2.07,7.22,True
777158,2025-07-10,Petco Park,San Diego Padres,Arizona Diamondbacks,0.262,0.25,3.8,5.94,False
777159,2025-07-10,Angel Stadium,Los Angeles Angels,Texas Rangers,0.273,0.284,6.03,4.15,True
777156,2025-07-10,Sutter Health Park,Athletics,Atlanta Braves,0.252,0.324,4.79,3.94,True
777167,2025-07-10,Busch Stadium,St. Louis Cardinals,Washington Nationals,0.296,0.286,4.94,5.35,True
777170,2025-07-10,Fenway Park,Boston Red Sox,Tampa Bay Rays,0.26,0.287,6.12,4.6,False
777168,2025-07-10,Great American Ball Park,Cincinnati Reds,Miami Marlins,0.278,0.291,3.38,5.62,True
777166,2025-07-10,Target Field,Minnesota Twins,Chicago Cubs,0.266,0.224,4.95,3.91,False
777181,2025-07-10,Oriole Park at Camden Yards,Baltimore Orioles,New York Mets,0.26,0.26,4.44,3.86,True
777165,2025-07-10,Oriole Park at Camden Yards,Baltimore Orioles,New York Mets,0.264,0.257,5.18,3.06,False
777169,2025-07-10,Yankee Stadium,New York Yankees,Seattle Mariners,0.266,0.286,6.66,2.75,False
777148,2025-07-11,Target Field,Minnesota Twins,Pittsburgh Pirates,0.273,0.25,2.72,2.01,False
777143,2025-07-11,Oracle Park,San Francisco Giants,Los Angeles Dodgers,0.245,0.278,2.94,4.96,False
777152,2025-07-11,Sutter Health Park,Athletics,Toronto Blue Jays,0.249,0.281,5.16,4.7,False
777139,2025-07-11,Petco Park,San Diego Padres,Philadelphia Phillies,0.266,0.292,2.84,2.15,False
777150,2025-07-11,Angel Stadium,Los Angeles Angels,Arizona Diamondbacks,0.275,0.296,4.34,3.68,True
777147,2025-07-11,Busch Stadium,St. Louis Cardinals,Atlanta Braves,0.295,0.333,4.13,3.77,True
777149,2025-07-11,American Family Field,Milwaukee Brewers,Washington Nationals,0.292,0.288,2.38,5.12,False
777154,2025-07-11,Daikin Park,Houston Astros,Texas Rangers,0.257,0.282,6.48,4.37,True
777153,2025-07-11,Yankee Stadium,New York Yankees,Chicago Cubs,0.269,0.287,3.08,1.47,False
777155,2025-07-11,Fenway Park,Boston Red Sox,Tampa Bay Rays,0.257,0.283,4.13,2.86,True
777161,2025-07-11,Comerica Park,Detroit Tigers,Seattle Mariners,0.266,0.287,2.23,3.41,False
777160,2025-07-11,Great American Ball Park,Cincinnati Reds,Colorado Rockies,0.275,0.336,6.19,5.57,False
777157,2025-07-11,Oriole Park at Camden Yards,Baltimore Orioles,Miami Marlins,0.259,0.287,4.24,3.61,True
777146,2025-07-11,Rate Field,Chicago White Sox,Cleveland Guardians,0.286,0.287,4.44,3.7,True
777164,2025-07-11,Rate Field,Chicago White Sox,Cleveland Guardians,0.248,0.289,4.26,4.0,False
777151,2025-07-11,Kauffman Stadium,Kansas City Royals,New York Mets,0.246,0.261,3.74,1.39,False
777132,2025-07-12,Sutter Health Park,Athletics,Toronto Blue Jays,0.25,0.291,4.2,4.19,False
777131,2025-07-12,Angel Stadium,Los Angeles Angels,Arizona Diamondbacks,0.277,0.29,3.11,5.4,True
777126,2025-07-12,Petco Park,San Diego Padres,Philadelphia Phillies,0.266,0.291,6.48,2.36,False
777137,2025-07-12,Daikin Park,Houston Astros,Texas Rangers,0.254,0.254,2.75,2.32,True
777135,2025-07-12,American Family Field,Milwaukee Brewers,Washington Nationals,0.292,0.287,2.61,9.45,False
777138,2025-07-12,Rate Field,Chicago White Sox,Cleveland Guardians,0.287,0.287,4.36,4.29,True
777144,2025-07-12,Fenway Park,Boston Red Sox,Tampa Bay Rays,0.258,0.283,2.23,4.17,False
777136,2025-07-12,Kauffman Stadium,Kansas City Royals,New York Mets,0.249,0.259,3.79,5.03,False
777141,2025-07-12,Oriole Park at Camden Yards,Baltimore Orioles,Miami Marlins,0.259,0.289,1.53,2.68,False
777127,2025-07-12,Oracle Park,San Francisco Giants,Los Angeles Dodgers,0.246,0.275,3.27,1.0,False
777133,2025-07-12,Busch Stadium,St. Louis Cardinals,Atlanta Braves,0.297,0.241,4.83,3.89,True
777134,2025-07-12,Target Field,Minnesota Twins,Pittsburgh Pirates,0.286,0.238,4.15,4.83,False
777145,2025-07-12,Comerica Park,Detroit Tigers,Seattle Mariners,0.267,0.287,3.15,4.5,True
777142,2025-07-12,Yankee Stadium,New York Yankees,Chicago Cubs,0.291,0.286,2.43,2.34,True
777140,2025-07-12,Great American Ball Park,Cincinnati Reds,Colorado Rockies,0.272,0.333,4.32,9.97,True
777120,2025-07-13,Rate Field,Chicago White Sox,Cleveland Guardians,0.243,0.285,5.3,4.17,False
777115,2025-07-13,Angel Stadium,Los Angeles Angels,Arizona Diamondbacks,0.279,0.245,3.9,3.34,False
777116,2025-07-13,Sutter Health Park,Athletics,Toronto Blue Jays,0.251,0.288,3.93,3.75,False
777119,2025-07-13,Oracle Park,San Francisco Giants,Los Angeles Dodgers,0.262,0.276,2.65,2.59,False
777117,2025-07-13,Petco Park,San Diego Padres,Philadelphia Phillies,0.269,0.247,2.88,2.5,True
777123,2025-07-13,American Family Field,Milwaukee Brewers,Washington Nationals,0.294,0.279,2.66,4.58,False
777113,2025-07-13,Target Field,Minnesota Twins,Pittsburgh Pirates,0.289,0.232,3.95,3.48,False
777118,2025-07-13,Busch Stadium,St. Louis Cardinals,Atlanta Braves,0.297,0.27,3.5,1.8,False
777124,2025-07-13,Kauffman Stadium,Kansas City Royals,New York Mets,0.251,0.26,2.31,3.31,False
777121,2025-07-13,Comerica Park,Detroit Tigers,Seattle Mariners,0.264,0.29,4.65,3.39,True
777128,2025-07-13,Great American Ball Park,Cincinnati Reds,Colorado Rockies,0.276,0.323,4.78,5.65,True
777122,2025-07-13,Yankee Stadium,New York Yankees,Chicago Cubs,0.287,0.29,4.63,2.65,True
777129,2025-07-13,Oriole Park at Camden Yards,Baltimore Orioles,Miami Marlins,0.259,0.288,7.52,3.18,False
777130,2025-07-13,Fenway Park,Boston Red Sox,Tampa Bay Rays,0.258,0.308,3.14,3.38,False
777125,2025-07-13,Daikin Park,Houston Astros,Texas Rangers,0.257,0.277,2.43,1.58,False
777103,2025-07-18,Dodger Stadium,Los Angeles Dodgers,Milwaukee Brewers,0.273,0.273,3.1,3.33,False
777099,2025-07-18,T-Mobile Park,Seattle Mariners,Houston Astros,0.289,0.258,3.21,3.66,False
777100,2025-07-18,Chase Field,Arizona Diamondbacks,St. Louis Cardinals,0.242,0.296,4.82,4.71,False
777102,2025-07-18,Coors Field,Colorado Rockies,Minnesota Twins,0.327,0.294,5.19,5.14,True
777098,2025-07-18,Globe Life Field,Texas Rangers,Detroit Tigers,0.275,0.277,3.91,2.71,False
777110,2025-07-18,George M. Steinbrenner Field,Tampa Bay Rays,Baltimore Orioles,0.317,0.256,4.35,5.58,True
777114,2025-07-18,Truist Park,Atlanta Braves,New York Yankees,0.269,0.252,3.59,4.1,True
777109,2025-07-18,loanDepot park,Miami Marlins,Kansas City Royals,0.288,0.248,7.14,2.94,True
777105,2025-07-18,Progressive Field,Cleveland Guardians,Athletics,0.239,0.248,3.84,5.13,False
777111,2025-07-18,Citi Field,New York Mets,Cincinnati Reds,0.256,0.274,2.45,3.33,True
777108,2025-07-18,Rogers Centre,Toronto Blue Jays,San Francisco Giants,0.276,0.245,3.89,4.99,False
777106,2025-07-18,Citizens Bank Park,Philadelphia Phillies,Los Angeles Angels,0.288,0.278,4.29,5.75,True
777112,2025-07-18,Nationals Park,Washington Nationals,San Diego Padres,0.287,0.268,5.1,4.64,False
777107,2025-07-18,PNC Park,Pittsburgh Pirates,Chicago White Sox,0.245,0.239,4.0,4.18,True
777101,2025-07-18,Wrigley Field,Chicago Cubs,Boston Red Sox,0.287,0.259,3.8,3.59,True
777085,2025-07-19,Dodger Stadium,Los Angeles Dodgers,Milwaukee Brewers,0.274,0.275,4.41,2.85,False
777080,2025-07-19,Coors Field,Colorado Rockies,Minnesota Twins,0.324,0.289,6.41,6.26,False
777097,2025-07-19,Truist Park,Atlanta Braves,New York Yankees,0.254,0.289,5.71,4.91,False
777081,2025-07-19,Chase Field,Arizona Diamondbacks,St. Louis Cardinals,0.248,0.294,3.52,4.04,True
777096,2025-07-19,Wrigley Field,Chicago Cubs,Boston Red Sox,0.289,0.275,2.4,3.23,True
777104,2025-07-19,Progressive Field,Cleveland Guardians,Athletics,0.239,0.327,4.06,5.1,False
777088,2025-07-19,Globe Life Field,Texas Rangers,Detroit Tigers,0.272,0.26,5.66,4.28,False
777086,2025-07-19,T-Mobile Park,Seattle Mariners,Houston Astros,0.286,0.259,3.81,6.9,False
777091,2025-07-19,Nationals Park,Washington Nationals,San Diego Padres,0.287,0.266,5.0,6.08,False
777090,2025-07-19,PNC Park,Pittsburgh Pirates,Chicago White Sox,0.244,0.282,4.7,1.89,False
777089,2025-07-19,Citizens Bank Park,Philadelphia Phillies,Los Angeles Angels,0.289,0.28,3.75,3.13,True
777093,2025-07-19,loanDepot park,Miami Marlins,Kansas City Royals,0.291,0.245,5.24,3.62,True
777092,2025-07-19,Citi Field,New York Mets,Cincinnati Reds,0.262,0.27,3.48,4.73,True
777094,2025-07-19,Rogers Centre,Toronto Blue Jays,San Francisco Giants,0.274,0.265,2.8,3.08,False
777095,2025-07-19,George M. Steinbrenner Field,Tampa Bay Rays,Baltimore Orioles,0.316,0.258,3.53,4.06,True
777070,2025-07-20,Dodger Stadium,Los Angeles Dodgers,Milwaukee Brewers,0.24,0.265,3.27,3.49,False
777071,2025-07-20,Chase Field,Arizona Diamondbacks,St. Louis Cardinals,0.251,0.291,3.32,5.2,True
777067,2025-07-20,T-Mobile Park,Seattle Mariners,Houston Astros,0.288,0.27,2.91,2.57,False
777072,2025-07-20,Coors Field,Colorado Rockies,Minnesota Twins,0.267,0.246,5.67,2.63,False
777075,2025-07-20,Wrigley Field,Chicago Cubs,Boston Red Sox,0.288,0.257,4.04,2.19,False
777082,2025-07-20,loanDepot park,Miami Marlins,Kansas City Royals,0.289,0.246,3.09,2.38,False
777084,2025-07-20,Progressive Field,Cleveland Guardians,Athletics,0.246,0.245,3.54,4.18,True
777073,2025-07-20,Globe Life Field,Texas Rangers,Detroit Tigers,0.234,0.245,2.89,2.19,False
777083,2025-07-20,Truist Park,Atlanta Braves,New York Yankees,0.24,0.257,3.81,5.64,True
777074,2025-07-20,PNC Park,Pittsburgh Pirates,Chicago White Sox,0.225,0.241,5.03,4.76,True
777078,2025-07-20,Citizens Bank Park,Philadelphia Phillies,Los Angeles Angels,0.288,0.281,2.66,3.83,False
777077,2025-07-20,Nationals Park,Washington Nationals,San Diego Padres,0.283,0.264,3.59,2.81,True
777076,2025-07-20,George M. Steinbrenner Field,Tampa Bay Rays,Baltimore Orioles,0.308,0.258,3.59,1.74,True
777079,2025-07-20,Rogers Centre,Toronto Blue Jays,San Francisco Giants,0.283,0.249,3.87,2.92,True
777087,2025-07-20,Citi Field,New York Mets,Cincinnati Reds,0.262,0.267,2.9,2.13,True
777051,2025-07-21,Dodger Stadium,Los Angeles Dodgers,Minnesota Twins,0.241,0.292,1.5,5.4,True
777050,2025-07-21,T-Mobile Park,Seattle Mariners,Milwaukee Brewers,0.285,0.278,4.65,1.65,False
777055,2025-07-21,Chase Field,Arizona Diamondbacks,Houston Astros,0.289,0.269,5.58,4.53,True
777053,2025-07-21,Coors Field,Colorado Rockies,St. Louis Cardinals,0.271,0.293,6.03,3.49,False
777057,2025-07-21,Globe Life Field,Texas Rangers,Athletics,0.143,0.242,4.27,4.6,False
777065,2025-07-21,Wrigley Field,Chicago Cubs,Kansas City Royals,0.285,0.245,0.98,2.61,False
777059,2025-07-21,George M. Steinbrenner Field,Tampa Bay Rays,Chicago White Sox,0.3,0.281,4.66,4.19,False
777069,2025-07-21,Truist Park,Atlanta Braves,San Francisco Giants,0.231,0.249,5.63,4.8,True
777066,2025-07-21,Rogers Centre,Toronto Blue Jays,New York Yankees,0.279,0.255,4.01,3.1,False
777063,2025-07-21,Citizens Bank Park,Philadelphia Phillies,Boston Red Sox,0.286,0.257,2.39,5.72,True
777064,2025-07-21,Nationals Park,Washington Nationals,Cincinnati Reds,0.279,0.267,4.81,4.84,True
777062,2025-07-21,loanDepot park,Miami Marlins,San Diego Padres,0.295,0.265,3.23,3.73,False
777060,2025-07-21,PNC Park,Pittsburgh Pirates,Detroit Tigers,0.237,0.256,1.91,4.77,False
777068,2025-07-21,Progressive Field,Cleveland Guardians,Baltimore Orioles,0.288,0.26,4.27,4.54,True
777061,2025-07-21,Citi Field,New York Mets,Los Angeles Angels,0.26,0.281,1.79,4.43,False
777058,2025-07-22,Truist Park,Atlanta Braves,San Francisco Giants,0.235,0.246,5.4,3.11,False
777035,2025-07-22,T-Mobile Park,Seattle Mariners,Milwaukee Brewers,0.281,0.275,3.07,2.45,False
777040,2025-07-22,Chase Field,Arizona Diamondbacks,Houston Astros,0.285,0.266,5.5,2.67,False
777049,2025-07-22,Coors Field,Colorado Rockies,St. Louis Cardinals,0.316,0.295,8.67,5.22,True
777043,2025-07-22,Globe Life Field,Texas Rangers,Athletics,0.276,0.242,2.28,4.5,True
777047,2025-07-22,Wrigley Field,Chicago Cubs,Kansas City Royals,0.286,0.242,2.2,1.8,False
777039,2025-07-22,Dodger Stadium,Los Angeles Dodgers,Minnesota Twins,0.238,0.29,2.72,4.14,False
777046,2025-07-22,Rogers Centre,Toronto Blue Jays,New York Yankees,0.263,0.255,5.14,4.35,True
777048,2025-07-22,George M. Steinbrenner Field,Tampa Bay Rays,Chicago White Sox,0.301,0.286,2.93,3.89,False
777045,2025-07-22,Citizens Bank Park,Philadelphia Phillies,Boston Red Sox,0.288,0.272,2.4,4.86,True
777042,2025-07-22,Nationals Park,Washington Nationals,Cincinnati Reds,0.279,0.268,3.39,6.65,False
777052,2025-07-22,loanDepot park,Miami Marlins,San Diego Padres,0.294,0.262,3.48,4.28,True
777044,2025-07-22,PNC Park,Pittsburgh Pirates,Detroit Tigers,0.249,0.251,3.53,3.4,False
777056,2025-07-22,Progressive Field,Cleveland Guardians,Baltimore Orioles,0.285,0.26,3.91,7.34,True
777054,2025-07-22,Citi Field,New York Mets,Los Angeles Angels,0.26,0.277,4.62,4.92,False
777033,2025-07-23,Globe Life Field,Texas Rangers,Athletics,0.111,0.311,3.78,4.98,False
777030,2025-07-23,George M. Steinbrenner Field,Tampa Bay Rays,Chicago White Sox,0.308,0.283,4.61,4.48,True
777038,2025-07-23,Citizens Bank Park,Philadelphia Phillies,Boston Red Sox,0.29,0.27,4.58,3.97,True
777027,2025-07-23,Rogers Centre,Toronto Blue Jays,New York Yankees,0.217,0.255,3.88,2.62,False
777036,2025-07-23,Progressive Field,Cleveland Guardians,Baltimore Orioles,0.285,0.261,3.76,5.78,False
777024,2025-07-23,T-Mobile Park,Seattle Mariners,Milwaukee Brewers,0.279,0.279,3.3,3.28,False
777032,2025-07-23,Chase Field,Arizona Diamondbacks,Houston Astros,0.287,0.217,4.76,3.35,True
777022,2025-07-23,Dodger Stadium,Los Angeles Dodgers,Minnesota Twins,0.238,0.288,2.75,4.95,True
777031,2025-07-23,Wrigley Field,Chicago Cubs,Kansas City Royals,0.284,0.257,4.06,2.95,True
777034,2025-07-23,Citi Field,New York Mets,Los Angeles Angels,0.264,0.273,2.19,3.51,True
777029,2025-07-23,PNC Park,Pittsburgh Pirates,Detroit Tigers,0.249,0.283,3.82,10.8,True
777041,2025-07-23,Truist Park,Atlanta Braves,San Francisco Giants,0.244,0.267,3.72,4.7,False
777037,2025-07-23,loanDepot park,Miami Marlins,San Diego Padres,0.292,0.262,6.66,4.59,True
777026,2025-07-23,Nationals Park,Washington Nationals,Cincinnati Reds,0.276,0.265,4.85,3.08,False
777028,2025-07-23,Coors Field,Colorado Rockies,St. Louis Cardinals,0.315,0.292,3.13,4.91,False
777018,2025-07-24,Angel Stadium,Los Angeles Angels,Seattle Mariners,0.276,0.278,3.23,3.64,True
777025,2025-07-24,Daikin Park,Houston Astros,Athletics,0.26,0.248,8.14,4.95,False
777023,2025-07-24,Busch Stadium,St. Louis Cardinals,San Diego Padres,0.296,0.266,4.33,9.18,True
777019,2025-07-24,Progressive Field,Cleveland Guardians,Baltimore Orioles,0.287,0.257,4.16,5.48,True
777021,2025-07-24,Comerica Park,Detroit Tigers,Toronto Blue Jays,0.28,0.265,3.15,2.61,True
777017,2025-07-25,Rate Field,Chicago White Sox,Chicago Cubs,0.256,0.28,2.1,3.12,True
777004,2025-07-25,Oracle Park,San Francisco Giants,New York Mets,0.27,0.265,3.38,3.4,True
777006,2025-07-25,Angel Stadium,Los Angeles Angels,Seattle Mariners,0.278,0.274,3.79,2.91,True
777011,2025-07-25,Target Field,Minnesota Twins,Washington Nationals,0.285,0.272,4.97,3.52,False
777007,2025-07-25,Daikin Park,Houston Astros,Athletics,0.263,0.3,5.18,4.13,True
777009,2025-07-25,Globe Life Field,Texas Rangers,Atlanta Braves,0.258,0.247,1.5,5.76,True
777005,2025-07-25,Busch Stadium,St. Louis Cardinals,San Diego Padres,0.293,0.269,4.94,2.81,False
777012,2025-07-25,Fenway Park,Boston Red Sox,Los Angeles Dodgers,0.254,0.273,3.32,4.22,False
777013,2025-07-25,Great American Ball Park,Cincinnati Reds,Tampa Bay Rays,0.267,0.308,4.69,3.72,False
777015,2025-07-25,Yankee Stadium,New York Yankees,Philadelphia Phillies,0.251,0.296,4.82,3.84,True
777020,2025-07-25,Oriole Park at Camden Yards,Baltimore Orioles,Colorado Rockies,0.262,0.308,4.23,5.24,True
777014,2025-07-25,PNC Park,Pittsburgh Pirates,Arizona Diamondbacks,0.245,0.249,4.15,3.29,False
777008,2025-07-25,American Family Field,Milwaukee Brewers,Miami Marlins,0.276,0.291,2.81,5.05,False
777016,2025-07-25,Comerica Park,Detroit Tigers,Toronto Blue Jays,0.254,0.268,4.66,3.83,False
776995,2025-07-26,Angel Stadium,Los Angeles Angels,Seattle Mariners,0.276,0.273,4.41,4.5,False
776985,2025-07-26,Oracle Park,San Francisco Giants,New York Mets,0.27,0.262,2.93,2.83,False
776992,2025-07-26,Busch Stadium,St. Louis Cardinals,San Diego Padres,0.29,0.266,4.04,3.65,False
776998,2025-07-26,Fenway Park,Boston Red Sox,Los Angeles Dodgers,0.264,0.273,2.23,3.62,True
776996,2025-07-26,American Family Field,Milwaukee Brewers,Miami Marlins,0.293,0.295,3.5,3.28,False
776994,2025-07-26,Rate Field,Chicago White Sox,Chicago Cubs,0.287,0.279,4.38,3.67,False
776997,2025-07-26,Target Field,Minnesota Twins,Washington Nationals,0.282,0.271,2.82,4.91,False
776991,2025-07-26,Daikin Park,Houston Astros,Athletics,0.26,0.238,2.54,4.29,True
776999,2025-07-26,Oriole Park at Camden Yards,Baltimore Orioles,Colorado Rockies,0.263,0.303,1.49,6.68,True
777000,2025-07-26,Great American Ball Park,Cincinnati Reds,Tampa Bay Rays,0.268,0.286,2.09,3.42,False
777002,2025-07-26,PNC Park,Pittsburgh Pirates,Arizona Diamondbacks,0.245,0.284,4.79,3.22,False
777003,2025-07-26,Comerica Park,Detroit Tigers,Toronto Blue Jays,0.273,0.209,2.09,3.82,False
776990,2025-07-26,Kauffman Stadium,Kansas City Royals,Cleveland Guardians,0.242,0.286,2.55,4.39,True
777010,2025-07-26,Kauffman Stadium,Kansas City Royals,Cleveland Guardians,0.242,0.286,3.53,3.51,False
777001,2025-07-26,Yankee Stadium,New York Yankees,Philadelphia Phillies,0.252,0.296,6.09,2.59,True
776993,2025-07-26,Globe Life Field,Texas Rangers,Atlanta Braves,0.269,0.247,5.73,3.99,True
776979,2025-07-27,Target Field,Minnesota Twins,Washington Nationals,0.241,0.275,4.3,4.69,True
776977,2025-07-27,Angel Stadium,Los Angeles Angels,Seattle Mariners,0.273,0.271,4.73,3.36,False
776981,2025-07-27,Globe Life Field,Texas Rangers,Atlanta Braves,0.274,0.237,4.09,6.29,True
776980,2025-07-27,Busch Stadium,St. Louis Cardinals,San Diego Padres,0.288,0.268,4.91,4.18,True
776978,2025-07-27,American Family Field,Milwaukee Brewers,Miami Marlins,0.276,0.297,2.01,3.07,True
776989,2025-07-27,Rate Field,Chicago White Sox,Chicago Cubs,0.286,0.275,4.66,6.22,True
776976,2025-07-27,Daikin Park,Houston Astros,Athletics,0.268,0.291,4.74,3.89,True
776974,2025-07-27,Oracle Park,San Francisco Giants,New York Mets,0.252,0.261,4.58,2.0,False
776987,2025-07-27,Comerica Park,Detroit Tigers,Toronto Blue Jays,0.249,0.265,4.51,4.89,False
776982,2025-07-27,Great American Ball Park,Cincinnati Reds,Tampa Bay Rays,0.269,0.307,4.6,4.61,True
776988,2025-07-27,Yankee Stadium,New York Yankees,Philadelphia Phillies,0.252,0.293,3.18,2.56,False
776984,2025-07-27,PNC Park,Pittsburgh Pirates,Arizona Diamondbacks,0.24,0.244,1.83,5.6,False
776983,2025-07-27,Fenway Park,Boston Red Sox,Los Angeles Dodgers,0.267,0.237,5.72,4.85,True
776986,2025-07-27,Oriole Park at Camden Yards,Baltimore Orioles,Colorado Rockies,0.25,0.302,4.38,6.28,False
776975,2025-07-27,Kauffman Stadium,Kansas City Royals,Cleveland Guardians,0.24,0.285,2.44,4.14,True
776957,2025-07-28,Sutter Health Park,Athletics,Seattle Mariners,0.236,0.253,4.95,3.19,False
776964,2025-07-28,Oracle Park,San Francisco Giants,Pittsburgh Pirates,0.269,0.266,7.2,3.69,True
776959,2025-07-28,Petco Park,San Diego Padres,New York Mets,0.268,0.26,4.79,5.46,False
776958,2025-07-28,Angel Stadium,Los Angeles Angels,Texas Rangers,0.273,0.274,5.75,2.55,False
776969,2025-07-28,Daikin Park,Houston Astros,Washington Nationals,0.271,0.272,2.62,3.27,False
776960,2025-07-28,Busch Stadium,St. Louis Cardinals,Miami Marlins,0.285,0.293,4.62,3.35,False
776965,2025-07-28,American Family Field,Milwaukee Brewers,Chicago Cubs,0.295,0.278,2.7,2.47,True
776972,2025-07-28,Rate Field,Chicago White Sox,Philadelphia Phillies,0.253,0.291,3.84,2.55,False
776971,2025-07-28,Kauffman Stadium,Kansas City Royals,Atlanta Braves,0.24,0.245,5.0,3.71,True
776961,2025-07-28,Target Field,Minnesota Twins,Boston Red Sox,0.24,0.275,4.24,4.83,False
776967,2025-07-28,Great American Ball Park,Cincinnati Reds,Los Angeles Dodgers,0.269,0.24,6.26,2.63,True
776970,2025-07-28,Yankee Stadium,New York Yankees,Tampa Bay Rays,0.248,0.302,4.91,2.96,True
776973,2025-07-28,Comerica Park,Detroit Tigers,Arizona Diamondbacks,0.212,0.245,4.5,5.63,True
776968,2025-07-28,Progressive Field,Cleveland Guardians,Colorado Rockies,0.287,0.306,3.77,7.09,False
776966,2025-07-28,Oriole Park at Camden Yards,Baltimore Orioles,Toronto Blue Jays,0.26,0.264,5.93,4.24,False
776944,2025-07-29,Sutter Health Park,Athletics,Seattle Mariners,0.237,0.268,4.83,4.22,False
776943,2025-07-29,Oracle Park,San Francisco Giants,Pittsburgh Pirates,0.268,0.248,4.53,3.73,False
776947,2025-07-29,Petco Park,San Diego Padres,New York Mets,0.269,0.258,2.78,2.08,True
776945,2025-07-29,Angel Stadium,Los Angeles Angels,Texas Rangers,0.273,0.259,3.3,3.78,True
776950,2025-07-29,Daikin Park,Houston Astros,Washington Nationals,0.254,0.278,7.36,4.87,True
776946,2025-07-29,Busch Stadium,St. Louis Cardinals,Miami Marlins,0.27,0.295,4.38,6.36,False
776956,2025-07-29,American Family Field,Milwaukee Brewers,Chicago Cubs,0.294,0.276,3.27,4.25,False
776952,2025-07-29,Rate Field,Chicago White Sox,Philadelphia Phillies,0.25,0.292,4.77,4.31,False
778372,2025-07-29,Oriole Park at Camden Yards,Baltimore Orioles,Toronto Blue Jays,0.269,0.258,5.42,6.66,True
776954,2025-07-29,Target Field,Minnesota Twins,Boston Red Sox,0.239,0.275,12.0,3.8,False
776963,2025-07-29,Great American Ball Park,Cincinnati Reds,Los Angeles Dodgers,0.27,0.243,3.09,3.38,False
776949,2025-07-29,Yankee Stadium,New York Yankees,Tampa Bay Rays,0.246,0.282,2.62,2.82,True
776953,2025-07-29,Comerica Park,Detroit Tigers,Arizona Diamondbacks,0.246,0.247,3.43,5.11,True
776951,2025-07-29,Progressive Field,Cleveland Guardians,Colorado Rockies,0.286,0.31,4.06,4.85,True
776962,2025-07-29,Oriole Park at Camden Yards,Baltimore Orioles,Toronto Blue Jays,0.259,0.253,6.63,2.68,False
776955,2025-07-29,Kauffman Stadium,Kansas City Royals,Atlanta Braves,0.24,0.245,3.03,5.33,True
776942,2025-07-30,Progressive Field,Cleveland Guardians,Colorado Rockies,0.286,0.308,2.62,5.26,True
776930,2025-07-30,Sutter Health Park,Athletics,Seattle Mariners,0.234,0.265,4.0,3.11,True
776932,2025-07-30,Angel Stadium,Los Angeles Angels,Texas Rangers,0.273,0.274,3.65,1.49,False
776934,2025-07-30,Busch Stadium,St. Louis Cardinals,Miami Marlins,0.285,0.294,4.83,4.79,False
776941,2025-07-30,Great American Ball Park,Cincinnati Reds,Los Angeles Dodgers,0.269,0.24,4.61,2.4,True
776938,2025-07-30,Yankee Stadium,New York Yankees,Tampa Bay Rays,0.247,0.3,4.64,3.58,False
776931,2025-07-30,Petco Park,San Diego Padres,New York Mets,0.269,0.258,6.46,3.45,False
776948,2025-07-30,Oriole Park at Camden Yards,Baltimore Orioles,Toronto Blue Jays,0.261,0.396,4.27,3.84,True
776929,2025-07-30,American Family Field,Milwaukee Brewers,Chicago Cubs,0.292,0.275,3.08,3.25,True
776939,2025-07-30,Rate Field,Chicago White Sox,Philadelphia Phillies,0.291,0.289,4.41,3.82,False
776936,2025-07-30,Kauffman Stadium,Kansas City Royals,Atlanta Braves,0.301,0.245,4.06,5.02,False
776937,2025-07-30,Daikin Park,Houston Astros,Washington Nationals,0.284,0.275,4.92,3.8,True
776935,2025-07-30,Target Field,Minnesota Twins,Boston Red Sox,0.239,0.279,5.67,3.19,False
776940,2025-07-30,Comerica Park,Detroit Tigers,Arizona Diamondbacks,0.253,0.247,4.77,3.2,False
776933,2025-07-30,Oracle Park,San Francisco Giants,Pittsburgh Pirates,0.267,0.252,3.31,3.88,False
776923,2025-07-31,T-Mobile Park,Seattle Mariners,Texas Rangers,0.25,0.27,4.13,5.74,False
776928,2025-07-31,Great American Ball Park,Cincinnati Reds,Atlanta Braves,0.221,0.233,2.15,5.68,False
776927,2025-07-31,Yankee Stadium,New York Yankees,Tampa Bay Rays,0.23,0.297,6.23,3.8,True
776908,2025-08-01,T-Mobile Park,Seattle Mariners,Texas Rangers,0.248,0.27,3.45,4.1,False
776914,2025-08-01,Sutter Health Park,Athletics,Arizona Diamondbacks,0.234,0.285,3.99,4.91,True
776906,2025-08-01,Petco Park,San Diego Padres,St. Louis Cardinals,0.267,0.282,2.73,3.96,False
776916,2025-08-01,Angel Stadium,Los Angeles Angels,Chicago White Sox,0.271,0.291,4.49,4.25,False
776919,2025-08-01,Coors Field,Colorado Rockies,Pittsburgh Pirates,0.306,0.251,7.34,4.89,True
776918,2025-08-01,George M. Steinbrenner Field,Tampa Bay Rays,Los Angeles Dodgers,0.281,0.237,4.79,3.29,True
776925,2025-08-01,loanDepot park,Miami Marlins,New York Yankees,0.296,0.25,3.86,3.34,False
776922,2025-08-01,Fenway Park,Boston Red Sox,Houston Astros,0.283,0.326,3.57,2.47,False
776926,2025-08-01,Citi Field,New York Mets,San Francisco Giants,0.256,0.267,2.83,2.85,False
776920,2025-08-01,Rogers Centre,Toronto Blue Jays,Kansas City Royals,0.251,0.24,3.99,3.38,True
776917,2025-08-01,Nationals Park,Washington Nationals,Milwaukee Brewers,0.28,0.223,5.35,3.5,True
776913,2025-08-01,Citizens Bank Park,Philadelphia Phillies,Detroit Tigers,0.288,0.219,2.68,4.36,False
776915,2025-08-01,Wrigley Field,Chicago Cubs,Baltimore Orioles,0.288,0.262,3.42,1.44,False
776921,2025-08-01,Great American Ball Park,Cincinnati Reds,Atlanta Braves,0.272,0.225,4.36,6.03,False
776924,2025-08-01,Progressive Field,Cleveland Guardians,Minnesota Twins,0.287,0.6,3.33,2.83,True
776897,2025-08-02,T-Mobile Park,Seattle Mariners,Texas Rangers,0.249,0.266,3.22,3.22,False
776898,2025-08-02,Angel Stadium,Los Angeles Angels,Chicago White Sox,0.271,0.29,4.59,3.99,False
776899,2025-08-02,Sutter Health Park,Athletics,Arizona Diamondbacks,0.234,0.247,4.28,5.48,True
776907,2025-08-02,Bristol Motor Speedway,Cincinnati Reds,Atlanta Braves,0.271,0.232,6.04,3.24,True
776910,2025-08-02,loanDepot park,Miami Marlins,New York Yankees,0.293,0.248,2.7,4.58,True
776896,2025-08-02,Petco Park,San Diego Padres,St. Louis Cardinals,0.264,0.281,3.93,5.08,True
776911,2025-08-02,Citi Field,New York Mets,San Francisco Giants,0.261,0.266,2.31,13.5,True
776905,2025-08-02,Progressive Field,Cleveland Guardians,Minnesota Twins,0.285,0.194,4.51,5.38,False
776903,2025-08-02,Nationals Park,Washington Nationals,Milwaukee Brewers,0.277,0.296,4.89,2.22,True
776912,2025-08-02,Citizens Bank Park,Philadelphia Phillies,Detroit Tigers,0.286,0.258,2.64,2.18,False
776904,2025-08-02,Coors Field,Colorado Rockies,Pittsburgh Pirates,0.272,0.31,6.18,2.02,True
776900,2025-08-02,Rogers Centre,Toronto Blue Jays,Kansas City Royals,0.218,0.242,4.39,2.68,False
776902,2025-08-02,Wrigley Field,Chicago Cubs,Baltimore Orioles,0.269,0.259,2.34,4.42,False
776901,2025-08-02,George M. Steinbrenner Field,Tampa Bay Rays,Los Angeles Dodgers,0.285,0.235,2.81,3.21,True
776909,2025-08-02,Fenway Park,Boston Red Sox,Houston Astros,0.297,0.28,5.74,5.27,True
776890,2025-08-03,Citizens Bank Park,Philadelphia Phillies,Detroit Tigers,0.283,0.205,2.4,5.2,False
776884,2025-08-03,Petco Park,San Diego Padres,St. Louis Cardinals,0.264,0.27,4.6,4.57,False
776885,2025-08-03,Angel Stadium,Los Angeles Angels,Chicago White Sox,0.273,0.286,5.85,4.23,True
776881,2025-08-03,Sutter Health Park,Athletics,Arizona Diamondbacks,0.214,0.247,3.97,5.53,False
776886,2025-08-03,Coors Field,Colorado Rockies,Pittsburgh Pirates,0.306,0.259,7.68,3.89,True
776888,2025-08-03,Wrigley Field,Chicago Cubs,Baltimore Orioles,0.27,0.258,4.23,5.88,True
776891,2025-08-03,loanDepot park,Miami Marlins,New York Yankees,0.295,0.249,3.24,13.5,True
776883,2025-08-03,T-Mobile Park,Seattle Mariners,Texas Rangers,0.25,0.266,4.3,2.8,False
776887,2025-08-03,Citi Field,New York Mets,San Francisco Giants,0.26,0.268,6.68,4.35,True
776893,2025-08-03,Rogers Centre,Toronto Blue Jays,Kansas City Royals,0.25,0.24,4.12,3.06,False
776894,2025-08-03,Nationals Park,Washington Nationals,Milwaukee Brewers,0.274,0.276,3.42,1.78,True
776907,2025-08-03,Bristol Motor Speedway,Cincinnati Reds,Atlanta Braves,0.271,0.232,6.04,3.24,True
776889,2025-08-03,George M. Steinbrenner Field,Tampa Bay Rays,Los Angeles Dodgers,0.282,0.274,2.3,2.51,False
776895,2025-08-03,Fenway Park,Boston Red Sox,Houston Astros,0.277,0.322,3.57,2.83,False
776892,2025-08-03,Progressive Field,Cleveland Guardians,Minnesota Twins,0.281,0.4,4.37,5.24,True
776870,2025-08-04,Dodger Stadium,Los Angeles Dodgers,St. Louis Cardinals,0.274,0.279,3.06,4.21,False
776873,2025-08-04,Chase Field,Arizona Diamondbacks,San Diego Padres,0.291,0.264,5.02,5.12,True
776867,2025-08-04,Angel Stadium,Los Angeles Angels,Tampa Bay Rays,0.273,0.282,3.22,2.54,True
776872,2025-08-04,Coors Field,Colorado Rockies,Toronto Blue Jays,0.305,0.258,6.59,2.59,True
776871,2025-08-04,Globe Life Field,Texas Rangers,New York Yankees,0.259,0.282,3.91,2.78,True
776878,2025-08-04,Wrigley Field,Chicago Cubs,Cincinnati Reds,0.292,0.271,4.86,3.05,False
776882,2025-08-04,Truist Park,Atlanta Braves,Milwaukee Brewers,0.236,0.276,5.32,3.15,True
776880,2025-08-04,Fenway Park,Boston Red Sox,Kansas City Royals,0.296,0.238,3.03,4.14,True
776877,2025-08-04,Citizens Bank Park,Philadelphia Phillies,Baltimore Orioles,0.281,0.256,4.32,5.25,True
776875,2025-08-04,loanDepot park,Miami Marlins,Houston Astros,0.294,0.324,6.44,5.97,False
776874,2025-08-04,Comerica Park,Detroit Tigers,Minnesota Twins,0.262,0.286,3.5,6.75,True
776879,2025-08-04,PNC Park,Pittsburgh Pirates,San Francisco Giants,0.264,0.272,18.0,4.29,True
776876,2025-08-04,Citi Field,New York Mets,Cleveland Guardians,0.257,0.283,3.52,3.72,False
776855,2025-08-05,Globe Life Field,Texas Rangers,New York Yankees,0.269,0.245,1.38,4.44,False
776858,2025-08-05,Dodger Stadium,Los Angeles Dodgers,St. Louis Cardinals,0.276,0.279,3.0,5.11,True
776857,2025-08-05,T-Mobile Park,Seattle Mariners,Chicago White Sox,0.248,0.282,3.02,4.11,True
776852,2025-08-05,Chase Field,Arizona Diamondbacks,San Diego Padres,0.247,0.261,3.2,6.51,True
776848,2025-08-05,Angel Stadium,Los Angeles Angels,Tampa Bay Rays,0.27,0.295,4.01,3.77,False
776854,2025-08-05,Coors Field,Colorado Rockies,Toronto Blue Jays,0.303,0.262,9.22,3.89,True
776860,2025-08-05,Wrigley Field,Chicago Cubs,Cincinnati Reds,0.268,0.273,3.12,3.46,False
776862,2025-08-05,loanDepot park,Miami Marlins,Houston Astros,0.291,0.322,5.21,2.98,True
776863,2025-08-05,Citi Field,New York Mets,Cleveland Guardians,0.269,0.285,3.46,3.96,True
776864,2025-08-05,Fenway Park,Boston Red Sox,Kansas City Royals,0.264,0.236,2.24,2.83,False
776868,2025-08-05,Citizens Bank Park,Philadelphia Phillies,Baltimore Orioles,0.28,0.254,3.53,4.35,False
776865,2025-08-05,Nationals Park,Washington Nationals,Athletics,0.273,0.272,4.29,4.82,True
776861,2025-08-05,Comerica Park,Detroit Tigers,Minnesota Twins,0.262,0.222,4.91,5.17,True
776866,2025-08-05,PNC Park,Pittsburgh Pirates,San Francisco Giants,0.263,0.275,4.45,3.24,False
776869,2025-08-05,Truist Park,Atlanta Braves,Milwaukee Brewers,0.237,0.262,5.34,3.03,False
776841,2025-08-06,T-Mobile Park,Seattle Mariners,Chicago White Sox,0.246,0.286,4.04,5.34,True
776838,2025-08-06,Chase Field,Arizona Diamondbacks,San Diego Padres,0.284,0.291,4.2,7.11,True
776853,2025-08-06,Truist Park,Atlanta Braves,Milwaukee Brewers,0.249,0.298,4.04,3.57,True
776856,2025-08-06,Fenway Park,Boston Red Sox,Kansas City Royals,0.276,0.234,4.93,3.36,True
776850,2025-08-06,Nationals Park,Washington Nationals,Athletics,0.273,0.272,2.35,3.89,False
776839,2025-08-06,Dodger Stadium,Los Angeles Dodgers,St. Louis Cardinals,0.276,0.28,2.37,3.98,False
776843,2025-08-06,Angel Stadium,Los Angeles Angels,Tampa Bay Rays,0.267,0.293,4.63,4.92,True
776849,2025-08-06,loanDepot park,Miami Marlins,Houston Astros,0.298,0.273,3.97,7.43,True
776845,2025-08-06,Globe Life Field,Texas Rangers,New York Yankees,0.26,0.245,4.05,3.35,False
776847,2025-08-06,Wrigley Field,Chicago Cubs,Cincinnati Reds,0.292,0.275,3.18,2.34,False
776859,2025-08-06,Comerica Park,Detroit Tigers,Minnesota Twins,0.264,0.198,4.56,9.35,True
776846,2025-08-06,Citi Field,New York Mets,Cleveland Guardians,0.249,0.284,2.98,3.17,False
776851,2025-08-06,Citizens Bank Park,Philadelphia Phillies,Baltimore Orioles,0.284,0.254,2.94,1.44,False
776844,2025-08-06,PNC Park,Pittsburgh Pirates,San Francisco Giants,0.237,0.274,4.77,2.85,True
776836,2025-08-06,Coors Field,Colorado Rockies,Toronto Blue Jays,0.302,0.239,5.53,3.85,True
776842,2025-08-07,Truist Park,Atlanta Braves,Miami Marlins,0.232,0.299,6.18,3.25,True
776840,2025-08-07,PNC Park,Pittsburgh Pirates,Cincinnati Reds,0.262,0.278,1.94,4.53,True
776830,2025-08-07,T-Mobile Park,Seattle Mariners,Chicago White Sox,0.245,0.279,3.35,4.22,False
776837,2025-08-07,Nationals Park,Washington Nationals,Athletics,0.27,0.272,5.43,3.59,False
776826,2025-08-08,Busch Stadium,St. Louis Cardinals,Chicago Cubs,0.278,0.264,4.4,2.45,False
776823,2025-08-08,Dodger Stadium,Los Angeles Dodgers,Toronto Blue Jays,0.28,0.241,3.14,4.21,False
776824,2025-08-08,T-Mobile Park,Seattle Mariners,Tampa Bay Rays,0.248,0.288,3.19,2.66,True
776820,2025-08-08,Petco Park,San Diego Padres,Boston Red Sox,0.258,0.281,2.94,5.4,False
776825,2025-08-08,Chase Field,Arizona Diamondbacks,Colorado Rockies,0.286,0.301,5.31,6.52,True
776822,2025-08-08,Oracle Park,San Francisco Giants,Washington Nationals,0.271,0.254,5.4,4.9,True
776828,2025-08-08,American Family Field,Milwaukee Brewers,New York Mets,0.295,0.247,2.29,2.3,True
776834,2025-08-08,Truist Park,Atlanta Braves,Miami Marlins,0.234,0.303,6.12,3.08,False
776821,2025-08-08,Globe Life Field,Texas Rangers,Philadelphia Phillies,0.253,0.286,3.38,2.36,True
776833,2025-08-08,Rate Field,Chicago White Sox,Cleveland Guardians,0.276,0.281,4.91,4.6,True
776832,2025-08-08,Comerica Park,Detroit Tigers,Los Angeles Angels,0.261,0.267,2.35,4.63,False
776835,2025-08-08,Yankee Stadium,New York Yankees,Houston Astros,0.241,0.321,4.38,2.51,True
776831,2025-08-08,Oriole Park at Camden Yards,Baltimore Orioles,Athletics,0.251,0.294,4.24,4.39,True
776829,2025-08-08,PNC Park,Pittsburgh Pirates,Cincinnati Reds,0.258,0.275,3.86,5.24,False
776827,2025-08-08,Target Field,Minnesota Twins,Kansas City Royals,0.207,0.235,2.79,3.46,True
776805,2025-08-09,T-Mobile Park,Seattle Mariners,Tampa Bay Rays,0.25,0.277,4.36,3.82,True
776808,2025-08-09,Dodger Stadium,Los Angeles Dodgers,Toronto Blue Jays,0.282,0.235,2.37,4.17,False
776807,2025-08-09,Petco Park,San Diego Padres,Boston Red Sox,0.259,0.279,2.81,3.77,True
776809,2025-08-09,Chase Field,Arizona Diamondbacks,Colorado Rockies,0.248,0.296,5.68,7.89,True
776810,2025-08-09,Globe Life Field,Texas Rangers,Philadelphia Phillies,0.26,0.284,2.86,4.2,True
776818,2025-08-09,Busch Stadium,St. Louis Cardinals,Chicago Cubs,0.229,0.266,4.95,4.09,True
776817,2025-08-09,American Family Field,Milwaukee Brewers,New York Mets,0.292,0.245,4.78,2.45,False
776814,2025-08-09,Rate Field,Chicago White Sox,Cleveland Guardians,0.275,0.28,4.26,4.11,True
776816,2025-08-09,Target Field,Minnesota Twins,Kansas City Royals,0.28,0.299,5.16,2.52,False
776811,2025-08-09,Oriole Park at Camden Yards,Baltimore Orioles,Athletics,0.252,0.231,6.7,4.08,True
776812,2025-08-09,PNC Park,Pittsburgh Pirates,Cincinnati Reds,0.263,0.274,3.19,4.49,False
776813,2025-08-09,Comerica Park,Detroit Tigers,Los Angeles Angels,0.239,0.264,5.48,3.37,True
776802,2025-08-09,Oracle Park,San Francisco Giants,Washington Nationals,0.274,0.256,5.02,3.28,True
776815,2025-08-09,Yankee Stadium,New York Yankees,Houston Astros,0.279,0.32,7.27,2.97,True
776819,2025-08-09,Truist Park,Atlanta Braves,Miami Marlins,0.233,0.303,5.4,6.55,False
778431,2025-08-09,Truist Park,Atlanta Braves,Miami Marlins,0.231,0.302,1.54,4.89,False
776788,2025-08-10,Dodger Stadium,Los Angeles Dodgers,Toronto Blue Jays,0.284,0.26,3.08,2.82,True
776791,2025-08-10,T-Mobile Park,Seattle Mariners,Tampa Bay Rays,0.25,0.29,3.08,2.84,True
776795,2025-08-10,Busch Stadium,St. Louis Cardinals,Chicago Cubs,0.267,0.263,4.06,3.19,False
776794,2025-08-10,Chase Field,Arizona Diamondbacks,Colorado Rockies,0.249,0.262,5.03,8.37,True
776793,2025-08-10,Oracle Park,San Francisco Giants,Washington Nationals,0.273,0.257,4.53,4.09,False
776800,2025-08-10,Globe Life Field,Texas Rangers,Philadelphia Phillies,0.262,0.282,4.0,2.68,True
776799,2025-08-10,American Family Field,Milwaukee Brewers,New York Mets,0.257,0.243,3.49,4.33,True
776789,2025-08-10,Petco Park,San Diego Padres,Boston Red Sox,0.262,0.28,4.52,3.25,False
776806,2025-08-10,Comerica Park,Detroit Tigers,Los Angeles Angels,0.262,0.266,3.5,6.19,True
776797,2025-08-10,Yankee Stadium,New York Yankees,Houston Astros,0.245,0.315,2.94,5.02,True
776803,2025-08-10,Truist Park,Atlanta Braves,Miami Marlins,0.238,0.305,5.03,5.09,False
776801,2025-08-10,PNC Park,Pittsburgh Pirates,Cincinnati Reds,0.266,0.273,4.66,3.6,False
776804,2025-08-10,Oriole Park at Camden Yards,Baltimore Orioles,Athletics,0.251,0.27,4.95,1.93,False
776796,2025-08-10,Target Field,Minnesota Twins,Kansas City Royals,0.267,0.229,4.97,2.87,True
776798,2025-08-10,Rate Field,Chicago White Sox,Cleveland Guardians,0.277,0.278,4.17,4.11,True
776787,2025-08-11,Sutter Health Park,Athletics,Tampa Bay Rays,0.23,0.2,4.06,3.86,False
776780,2025-08-11,Oracle Park,San Francisco Giants,San Diego Padres,0.271,0.264,3.34,5.61,False
776779,2025-08-11,Angel Stadium,Los Angeles Angels,Los Angeles Dodgers,0.272,0.284,3.84,2.84,True
776782,2025-08-11,Daikin Park,Houston Astros,Boston Red Sox,0.314,0.283,3.6,2.48,True
776785,2025-08-11,Globe Life Field,Texas Rangers,Arizona Diamondbacks,0.265,0.251,1.71,3.46,False
776783,2025-08-11,Busch Stadium,St. Louis Cardinals,Colorado Rockies,0.227,0.295,4.97,6.35,False
776786,2025-08-11,American Family Field,Milwaukee Brewers,Pittsburgh Pirates,0.278,0.204,3.44,4.99,True
776781,2025-08-11,Rate Field,Chicago White Sox,Detroit Tigers,0.274,0.268,5.0,4.76,False
776784,2025-08-11,Kauffman Stadium,Kansas City Royals,Washington Nationals,0.227,0.26,4.15,3.86,True
776790,2025-08-11,Yankee Stadium,New York Yankees,Minnesota Twins,0.245,0.282,4.34,5.11,True
776792,2025-08-11,Great American Ball Park,Cincinnati Reds,Philadelphia Phillies,0.273,0.282,2.41,3.39,True
776767,2025-08-12,Oracle Park,San Francisco Giants,San Diego Padres,0.268,0.263,2.98,5.71,True
776762,2025-08-12,Sutter Health Park,Athletics,Tampa Bay Rays,0.3,0.188,3.3,4.93,False
776763,2025-08-12,Angel Stadium,Los Angeles Angels,Los Angeles Dodgers,0.269,0.284,5.63,3.86,True
776769,2025-08-12,Daikin Park,Houston Astros,Boston Red Sox,0.318,0.286,6.38,4.67,False
776764,2025-08-12,Globe Life Field,Texas Rangers,Arizona Diamondbacks,0.265,0.286,3.94,4.36,False
776775,2025-08-12,Busch Stadium,St. Louis Cardinals,Colorado Rockies,0.282,0.294,4.08,5.18,False
776771,2025-08-12,American Family Field,Milwaukee Brewers,Pittsburgh Pirates,0.293,0.265,2.9,2.13,True
776777,2025-08-12,Great American Ball Park,Cincinnati Reds,Philadelphia Phillies,0.274,0.282,4.31,3.28,False
776770,2025-08-12,Kauffman Stadium,Kansas City Royals,Washington Nationals,0.302,0.261,3.35,5.55,True
776772,2025-08-12,Citi Field,New York Mets,Atlanta Braves,0.243,0.234,3.71,4.69,True
776768,2025-08-12,Rogers Centre,Toronto Blue Jays,Chicago Cubs,0.259,0.263,3.74,9.0,True
776774,2025-08-12,Yankee Stadium,New York Yankees,Minnesota Twins,0.244,0.257,3.25,7.77,True
776778,2025-08-12,Progressive Field,Cleveland Guardians,Miami Marlins,0.275,0.304,3.94,4.06,True
776776,2025-08-12,Oriole Park at Camden Yards,Baltimore Orioles,Seattle Mariners,0.251,0.25,4.17,3.71,True
776773,2025-08-12,Rate Field,Chicago White Sox,Detroit Tigers,0.277,0.263,5.56,4.76,False
776746,2025-08-13,Globe Life Field,Texas Rangers,Arizona Diamondbacks,0.266,0.286,3.36,5.31,True
776759,2025-08-13,Kauffman Stadium,Kansas City Royals,Washington Nationals,0.227,0.261,3.77,5.14,True
776754,2025-08-13,Rate Field,Chicago White Sox,Detroit Tigers,0.26,0.262,4.01,2.82,False
776755,2025-08-13,American Family Field,Milwaukee Brewers,Pittsburgh Pirates,0.296,0.25,2.06,4.13,False
776758,2025-08-13,Busch Stadium,St. Louis Cardinals,Colorado Rockies,0.279,0.3,4.41,6.75,False
776749,2025-08-13,Oracle Park,San Francisco Giants,San Diego Padres,0.268,0.266,9.9,2.87,False
